"id","drawDate","firstPrize","last2","front3","last3","regimeId","sourceUrl","retrievedAt","publishedAt","verification","rawHash","datasetVersion","pdfUrl"
"2021-10-01","2021-10-01","578171","83","[""285"",""361""]","[""379"",""449""]","L6-front3-2015","https://www.glo.or.th/api/checking/getLotteryResult","2026-10-09T17:28:29.250Z","","single_source","29b694f4a8b1c820d9bdfa340eb646c76a48b0f195a1a50a794c9288f865f60e","glo-1","https://api.glo.or.th/utility/file/download/42a7b1c9-c8f0-48ba-87f7-530cc763d65f"
"2021-10-16","2021-10-16","386372","38","[""602"",""964""]","[""295"",""798""]","L6-front3-2015","https://www.glo.or.th/api/checking/getLotteryResult","2026-10-09T17:28:23.606Z","","single_source","3061e00a31b8df6385b6907a4bf6bd7024c1b0094f5865b9d2b083f09f847104","glo-1","https://api.glo.or.th/utility/file/download/8422edf3-7b5c-4cee-8e03-3cec02cc269e"
"2021-11-01","2021-11-01","045037","95","[""247"",""458""]","[""331"",""755""]","L6-front3-2015","https://www.glo.or.th/api/checking/getLotteryResult","2026-10-09T17:28:17.991Z","","single_source","a5fab4ece7745f28cab1c8f7412b830c2d58ee536802d4c85ee88afef04a4ea4","glo-1","https://api.glo.or.th/utility/file/download/721ddbe4-855e-4f45-a22d-659b5998f011"
"2021-11-16","2021-11-16","032761","57","[""471"",""648""]","[""245"",""844""]","L6-front3-2015","https://www.glo.or.th/api/checking/getLotteryResult","2026-10-09T17:28:12.326Z","","single_source","859acc1e922e5e4ff4afcb3d529e6df85411a9a52ae4f1d7b3aab07b02c4969d","glo-1","https://api.glo.or.th/utility/file/download/8523aaaf-b0e3-4cc7-8755-98ed7e7c0f3a"
"2021-12-01","2021-12-01","077258","82","[""739"",""740""]","[""401"",""485""]","L6-front3-2015","https://www.glo.or.th/api/checking/getLotteryResult","2026-10-09T17:28:06.625Z","","single_source","2509746fe645ca59689d5ca747e10ac1726e696241fd6cb75a7b916070f232de","glo-1","https://api.glo.or.th/utility/file/download/21d3998b-d3b3-4ab9-a53e-dafbba9d2662"
"2021-12-16","2021-12-16","639235","83","[""097"",""629""]","[""476"",""522""]","L6-front3-2015","https://www.glo.or.th/api/checking/getLotteryResult","2026-10-09T17:28:01.012Z","","single_source","0f87efcfa7c92b740b8d99e193689cb35a4dbf4cdd131fc5f639006b4908aeb0","glo-1","https://api.glo.or.th/utility/file/download/0401b4d9-34ec-44d2-a457-04209cae52c7"
"2021-12-30","2021-12-30","819068","36","[""591"",""979""]","[""419"",""547""]","L6-front3-2015","https://www.glo.or.th/api/checking/getLotteryResult","2026-10-08T17:54:48.789Z","","single_source","e7e139a802ac9fa0901274559afc3b44dfdba9a7e1782d9eb13bf44be8266026","glo-1","https://api.glo.or.th/utility/file/download/d416c36a-dffe-4b06-96ba-6fc970f3269c"
"2022-01-17","2022-01-17","880159","92","[""731"",""786""]","[""119"",""529""]","L6-front3-2015","https://www.glo.or.th/api/checking/getLotteryResult","2026-10-08T17:54:37.703Z","","single_source","9b8ed34962e76630198b86a529d7558518851e8ed0962a088e8dd1af83f2eb3a","glo-1","https://api.glo.or.th/utility/file/download/0def8c35-5e3e-4c0e-86d7-6c734faeead5"
"2022-02-01","2022-02-01","944308","30","[""061"",""942""]","[""485"",""509""]","L6-front3-2015","https://www.glo.or.th/api/checking/getLotteryResult","2026-10-08T17:54:34.854Z","","single_source","f04f9d6af7097563e3a8196328a98a00e1f640110ab730b74dcbafe711b96f18","glo-1","https://api.glo.or.th/utility/file/download/44da1e1a-fc4e-4975-af88-5f980956d168"
"2022-02-17","2022-02-17","098597","57","[""085"",""644""]","[""592"",""816""]","L6-front3-2015","https://www.glo.or.th/api/checking/getLotteryResult","2026-10-08T17:54:26.523Z","","single_source","bd785bd3aa55cb49e1d3eda512f6b0b5a9802725cfa6cbb81e7c588a7c54ec16","glo-1","https://api.glo.or.th/utility/file/download/901b5f93-7315-4df4-b757-edc8462cc336"
"2022-03-01","2022-03-01","061905","07","[""236"",""834""]","[""234"",""691""]","L6-front3-2015","https://www.glo.or.th/api/checking/getLotteryResult","2026-10-08T17:54:23.271Z","","single_source","71ef503d54f7d9d70b6b5002a1cc7a7e93565eec7663c33a2d5ed5718e7816c8","glo-1","https://api.glo.or.th/utility/file/download/c39a6b67-5e60-441f-95fe-d592923dad72"
"2022-03-16","2022-03-16","737867","03","[""349"",""985""]","[""788"",""989""]","L6-front3-2015","https://www.glo.or.th/api/checking/getLotteryResult","2026-10-08T17:54:02.510Z","","single_source","9835a6cca075825101411ae84299e44ee54e01bec8f6ed95d08c687069f99fe8","glo-1","https://api.glo.or.th/utility/file/download/210bf933-73c4-4b03-a58c-ee3f1b7ca72a"
"2022-04-01","2022-04-01","970618","10","[""391"",""738""]","[""578"",""870""]","L6-front3-2015","https://www.glo.or.th/api/checking/getLotteryResult","2026-10-07T17:51:16.976Z","","single_source","ed5d059d92cfb17931a94bb28336c7d86c230c70a87fdc6866095fcb1c02f885","glo-1","https://api.glo.or.th/utility/file/download/50f8c838-0f79-4b8b-bb72-249557adef6d"
"2022-04-16","2022-04-16","395919","58","[""289"",""859""]","[""413"",""508""]","L6-front3-2015","https://www.glo.or.th/api/checking/getLotteryResult","2026-10-07T17:51:11.294Z","","single_source","0750b4e6a557ce29a537343c2fdcbc35051c1f01962b0c726bd8344b709ce7a7","glo-1","https://api.glo.or.th/utility/file/download/2ed2b519-8a2d-461b-bb38-b5935023e931"
"2022-05-02","2022-05-02","658642","09","[""518"",""778""]","[""041"",""325""]","L6-front3-2015","https://www.glo.or.th/api/checking/getLotteryResult","2026-10-07T17:51:02.748Z","","single_source","e03ea9269c31e54b9570a5be6b71372c4c97d0cea800acd2bdb196b76fb6b6bc","glo-1","https://api.glo.or.th/utility/file/download/e8b6bcca-7ca6-4799-974c-0b219c002743"
"2022-05-16","2022-05-16","155012","06","[""247"",""736""]","[""236"",""540""]","L6-front3-2015","https://www.glo.or.th/api/checking/getLotteryResult","2026-10-07T17:50:59.896Z","","single_source","0277bc126090934849518e6fe397d2dd8ae987450c3865c3eb61ceb017f5f62e","glo-1","https://api.glo.or.th/utility/file/download/289e1de8-7a95-41cf-b432-ef2f5d8c42cd"
"2022-06-01","2022-06-01","319196","02","[""679"",""817""]","[""213"",""652""]","L6-front3-2015","https://www.glo.or.th/api/checking/getLotteryResult","2026-10-07T17:50:53.848Z","","single_source","b2fb9e564dd027757eef9dbddd193c587581bcc5bb37a577936f526497920313","glo-1","https://api.glo.or.th/utility/file/download/b6e76719-0d3b-4f04-94c6-fcc0f15b2336"
"2022-06-16","2022-06-16","361807","92","[""285"",""549""]","[""106"",""228""]","L6-front3-2015","https://www.glo.or.th/api/checking/getLotteryResult","2026-10-07T17:50:48.217Z","","single_source","4d1532aa39889b89226c5a9d6d66728d82835f80ebd41b833a46656fe82d7ebe","glo-1","https://api.glo.or.th/utility/file/download/19d3da72-a1b3-474f-8297-94ac054280ed"
"2022-07-01","2022-07-01","981417","61","[""242"",""287""]","[""002"",""542""]","L6-front3-2015","https://www.glo.or.th/api/checking/getLotteryResult","2026-10-06T17:16:19.657Z","","single_source","faee0bd49e56bc4a7755e71b45a02cb922615fa776821502fc8e9437f9cea303","glo-1","https://api.glo.or.th/utility/file/download/d544339b-7e7c-4df9-8412-09622f99ec50"
"2022-07-16","2022-07-16","620405","53","[""159"",""834""]","[""061"",""279""]","L6-front3-2015","https://www.glo.or.th/api/checking/getLotteryResult","2026-10-06T17:16:13.897Z","","single_source","8c32beefa7bf92a5600da150d2876361ff22f5c36fdfa1c02a2c153541c52a1a","glo-1","https://api.glo.or.th/utility/file/download/59c8626e-0ff9-49f1-9cc3-5d0d54032407"
"2022-08-01","2022-08-01","436594","14","[""266"",""893""]","[""282"",""447""]","L6-front3-2015","https://www.glo.or.th/api/checking/getLotteryResult","2026-10-06T17:16:08.139Z","","single_source","b7d1e11b250bc318d0700d6d804a3989b57b5301ed1df6faeb7d1f7850d041f4","glo-1","https://api.glo.or.th/utility/file/download/e8f58500-ab6c-42de-b55e-2c7768d0cf0d"
"2022-08-16","2022-08-16","331583","42","[""271"",""300""]","[""284"",""876""]","L6-front3-2015","https://www.glo.or.th/api/checking/getLotteryResult","2026-10-06T17:16:02.318Z","","single_source","e67ee2c37b47bb1d457ccb89130b626b8cca787b5506490b17dc3c20d59aafa1","glo-1","https://api.glo.or.th/utility/file/download/6bc043c7-f428-417f-8cab-1ab1d8a929c8"
"2022-09-01","2022-09-01","929332","83","[""298"",""725""]","[""210"",""604""]","L6-front3-2015","https://www.glo.or.th/api/checking/getLotteryResult","2026-10-06T17:15:56.570Z","","single_source","af05df7683a499f777de440289b4b9cb40473e349284e36055378ee4bc8a340c","glo-1","https://api.glo.or.th/utility/file/download/9eec79d0-93cd-488a-98ef-609d4c8a109f"
"2022-09-16","2022-09-16","943703","75","[""540"",""971""]","[""432"",""631""]","L6-front3-2015","https://www.glo.or.th/api/checking/getLotteryResult","2026-10-06T17:15:50.758Z","","single_source","3a4aabcc8d340797d48f54168ca081ac19440dfeb6dd4b7334c76862cfac6f78","glo-1","https://api.glo.or.th/utility/file/download/ac35e4a7-6b95-42d1-8b26-1945fb0d1283"
"2022-10-01","2022-10-01","484669","50","[""206"",""996""]","[""194"",""278""]","L6-front3-2015","https://www.glo.or.th/api/checking/getLotteryResult","2026-10-05T19:49:45.278Z","","single_source","f827c6b3e94d2fbf44b4ac1307cf566849a30064468d66a11fc6210ba4127d0f","glo-1","https://api.glo.or.th/utility/file/download/83024483-e8b7-419c-ac29-dfd05e38e095"
"2022-10-16","2022-10-16","613106","15","[""037"",""158""]","[""606"",""799""]","L6-front3-2015","https://www.glo.or.th/api/checking/getLotteryResult","2026-10-05T19:49:39.500Z","","single_source","85abf4861d135bf12cee66c7d78916e990c7a75689cf47d9e228e9587c1171f1","glo-1","https://api.glo.or.th/utility/file/download/7611f43b-aa7d-4c2a-8944-6717fd6903b2"
"2022-11-01","2022-11-01","913106","70","[""722"",""839""]","[""343"",""922""]","L6-front3-2015","https://www.glo.or.th/api/checking/getLotteryResult","2026-10-05T19:49:33.775Z","","single_source","4531158f3c1984820de55cb5e0692a7e26f79f77ca73ae9aed00d0bc2a061641","glo-1","https://api.glo.or.th/utility/file/download/548b6082-e091-43c7-ad3a-b69e109eafc5"
"2022-11-16","2022-11-16","121789","64","[""532"",""722""]","[""157"",""973""]","L6-front3-2015","https://www.glo.or.th/api/checking/getLotteryResult","2026-10-05T19:49:28.031Z","","single_source","65142dfd135b277126fb1bdd24d84643518b24af22300265ab50a28804bb60ef","glo-1","https://api.glo.or.th/utility/file/download/36eae899-ec0d-4383-bacb-ed9bb17b0e8e"
"2022-12-01","2022-12-01","375805","08","[""170"",""786""]","[""409"",""421""]","L6-front3-2015","https://www.glo.or.th/api/checking/getLotteryResult","2026-10-05T19:49:22.294Z","","single_source","5fccafb1a6ed1bf1f754fd2abba7627431e6cf86c1b12af5a2e980462ae7309b","glo-1","https://api.glo.or.th/utility/file/download/723d8ca5-a70e-4fe9-9793-af5b7d25671a"
"2022-12-16","2022-12-16","845093","14","[""411"",""912""]","[""593"",""855""]","L6-front3-2015","https://www.glo.or.th/api/checking/getLotteryResult","2026-10-05T19:49:16.536Z","","single_source","8a303c3568bb19fbebad1e8478f485aada49962f81a46800d51ef3c31f9f931c","glo-1","https://api.glo.or.th/utility/file/download/df4e1de2-3c28-4971-86b6-a4ea4aa026ff"
"2022-12-30","2022-12-30","157196","58","[""007"",""522""]","[""250"",""425""]","L6-front3-2015","https://www.glo.or.th/api/checking/getLotteryResult","2026-10-04T15:50:21.594Z","","single_source","8db25cf0513e5db04193eb562777f98de9d191199a16a32dcf78d58774b593aa","glo-1","https://api.glo.or.th/utility/file/download/fa547998-9f2f-440e-af75-7fc8f8b72bdb"
"2023-01-17","2023-01-17","812519","47","[""389"",""443""]","[""564"",""849""]","L6-front3-2015","https://www.glo.or.th/api/checking/getLotteryResult","2026-10-04T15:50:10.392Z","","single_source","9db72d3533e2861c6ff2091be9a4c219a2163134ddf2fdefbf83c15ead0e5948","glo-1","https://api.glo.or.th/utility/file/download/b993a717-6fb7-43f6-b518-e03e3895b190"
"2023-02-01","2023-02-01","297411","92","[""181"",""789""]","[""101"",""664""]","L6-front3-2015","https://www.glo.or.th/api/checking/getLotteryResult","2026-10-04T15:50:07.526Z","","single_source","74cd2512654ceae9b9c96a960c1921e465e528e553f55b6c93438a88988c5a25","glo-1","https://api.glo.or.th/utility/file/download/d4271921-7a7e-474f-9d26-e29519eb272b"
"2023-02-16","2023-02-16","590417","80","[""195"",""664""]","[""377"",""523""]","L6-front3-2015","https://www.glo.or.th/api/checking/getLotteryResult","2026-10-04T15:50:01.823Z","","single_source","36ce73e9e599c858354cfee3f7d3a81364194366f44079f25d0bf62b949801cc","glo-1","https://api.glo.or.th/utility/file/download/f4bffbb4-cce1-427d-ba8d-0de77201e2b3"
"2023-03-01","2023-03-01","417652","55","[""577"",""919""]","[""748"",""984""]","L6-front3-2015","https://www.glo.or.th/api/checking/getLotteryResult","2026-10-04T15:49:56.157Z","","single_source","98ea7afabce028812113bc58ab34fdb9abe58019c0b984976d8570aa38ae51d8","glo-1","https://api.glo.or.th/utility/file/download/18051e7e-339f-45cb-a73c-7e78d0e93980"
"2023-03-16","2023-03-16","025873","73","[""420"",""800""]","[""355"",""544""]","L6-front3-2015","https://www.glo.or.th/api/checking/getLotteryResult","2026-10-03T15:10:00.194Z","","single_source","8777ba0b7ff359ce3fd38c461996bccb6b80ea3cc589f33b802c2a32f7ae6415","glo-1","https://api.glo.or.th/utility/file/download/8a9d23c6-1cc0-4c23-8959-7040acae5d0a"
"2023-04-01","2023-04-01","087907","99","[""111"",""914""]","[""290"",""698""]","L6-front3-2015","https://www.glo.or.th/api/checking/getLotteryResult","2026-10-03T15:09:54.562Z","","single_source","3bedeafc7c5de72cd5dbf00a7728294f7a77d94a0090bf98d2ed0edc7d47e021","glo-1","https://api.glo.or.th/utility/file/download/78ac46d5-a3ac-4d6a-b124-1b0172b440ab"
"2023-04-16","2023-04-16","984906","71","[""670"",""678""]","[""551"",""797""]","L6-front3-2015","https://www.glo.or.th/api/checking/getLotteryResult","2026-10-03T15:09:48.883Z","","single_source","16acf4878265a01d912c9cbaefc49acb620e502d37b99488862f04e1f2f87a08","glo-1","https://api.glo.or.th/utility/file/download/e5a27218-656d-4ec6-be1c-07b34b694344"
"2023-05-02","2023-05-02","843019","65","[""500"",""780""]","[""187"",""269""]","L6-front3-2015","https://www.glo.or.th/api/checking/getLotteryResult","2026-10-03T15:09:40.506Z","","single_source","729b7b273476fa2224d294ab222b98e529f375845c6d5fa510f873dcf7d38758","glo-1","https://api.glo.or.th/utility/file/download/1820c36d-afa2-4404-b950-b1f78270533e"
"2023-05-16","2023-05-16","132903","99","[""678"",""739""]","[""693"",""731""]","L6-front3-2015","https://www.glo.or.th/api/checking/getLotteryResult","2026-10-03T15:09:37.664Z","","single_source","0f24e8fe134d31b416c436f5437765d5c75685aaf6e710f466c6e7f472de64d0","glo-1","https://api.glo.or.th/utility/file/download/93251eaa-43ba-4ac7-9775-86d17968ab0b"
"2023-06-01","2023-06-01","125272","09","[""000"",""681""]","[""386"",""971""]","L6-front3-2015","https://www.glo.or.th/api/checking/getLotteryResult","2026-10-03T15:09:32.000Z","","single_source","ea64b8a1fa78f0e8e75f12ce904df03ebee897a88212438c648784f8f9ebdfef","glo-1","https://api.glo.or.th/utility/file/download/18c81007-d453-47af-8aa3-ee0d30ca602d"
"2023-06-16","2023-06-16","264872","30","[""519"",""628""]","[""202"",""874""]","L6-front3-2015","https://www.glo.or.th/api/checking/getLotteryResult","2026-10-02T16:41:21.684Z","","single_source","292ce6c25f383d317d630e6cbfa83f6b69643c8e4688b224bc456adc61de4b3c","glo-1","https://api.glo.or.th/utility/file/download/90cfdb79-db60-4694-88ed-96134e4c6884"
"2023-07-01","2023-07-01","922605","16","[""281"",""867""]","[""491"",""947""]","L6-front3-2015","https://www.glo.or.th/api/checking/getLotteryResult","2026-10-02T16:41:15.792Z","","single_source","41abd2c37ef475a1b1b139bf7b73710469ff6899cfc74f1a5b2ba0550636d21a","glo-1","https://api.glo.or.th/utility/file/download/d8650fe1-141e-4991-a0d9-3007e3d6da22"
"2023-07-16","2023-07-16","169530","62","[""261"",""384""]","[""066"",""780""]","L6-front3-2015","https://www.glo.or.th/api/checking/getLotteryResult","2026-10-02T16:41:09.979Z","","single_source","4c77b59842fcea6a23ec04f81279d8994a0e08431b6e5bdcdc0c4c60bc45f99c","glo-1","https://api.glo.or.th/utility/file/download/8fa6017e-0687-4675-b9bc-4eeef32889d0"
"2023-08-16","2023-08-16","471782","67","[""431"",""739""]","[""737"",""742""]","L6-front3-2015","https://www.glo.or.th/api/checking/getLotteryResult","2026-10-02T16:40:58.416Z","","single_source","41f5ab07c67d0fc0df49ad4d0996d0b9afee4ecb76d0559110dbeff1ba0fbb71","glo-1","https://api.glo.or.th/utility/file/download/598d363f-ca44-465a-b6fb-bee78690c1e8"
"2023-09-01","2023-09-01","915478","91","[""521"",""596""]","[""291"",""692""]","L6-front3-2015","https://www.glo.or.th/api/checking/getLotteryResult","2026-10-02T16:40:52.597Z","","single_source","4bb5216f0872ca70b58a892852e7a25eb57bfe41606813db6dce86093fd9b782","glo-1","https://api.glo.or.th/utility/file/download/c6f6dec9-9f83-4402-8a0d-d56cc95aea11"
"2023-09-16","2023-09-16","320812","46","[""037"",""699""]","[""057"",""344""]","L6-front3-2015","https://www.glo.or.th/api/checking/getLotteryResult","2026-10-01T16:33:25.412Z","","single_source","0c3327cb0a00d59b7f97829988ef2057959f2d73dbae3cf1f128479059bd390d","glo-1","https://api.glo.or.th/utility/file/download/906e4427-b8cd-423f-912c-1e8cfcb8a152"
"2023-10-01","2023-10-01","727202","66","[""324"",""355""]","[""426"",""615""]","L6-front3-2015","https://www.glo.or.th/api/checking/getLotteryResult","2026-10-01T16:33:19.564Z","","single_source","96c5cb5609b16489f439dab15847239fbbb43aae216db28ad7819518ab63d1a4","glo-1","https://api.glo.or.th/utility/file/download/98180dae-7d04-43d5-8c5c-4bb1e080dc66"
"2023-10-16","2023-10-16","931446","44","[""167"",""398""]","[""272"",""970""]","L6-front3-2015","https://www.glo.or.th/api/checking/getLotteryResult","2026-10-01T16:33:13.792Z","","single_source","507803591658ffdeedc47a9c0524a294f777df00dd24b55040461dbe5b686e65","glo-1","https://api.glo.or.th/utility/file/download/bfb44c52-4e51-48a7-9f83-40ae66a377bb"
"2023-11-01","2023-11-01","743951","63","[""335"",""913""]","[""019"",""349""]","L6-front3-2015","https://www.glo.or.th/api/checking/getLotteryResult","2026-10-01T16:33:08.053Z","","single_source","f4656734274a23764c7f1f3da9e9fc4deaa5ed0ebde2a4aa09676b4bcfa6627d","glo-1","https://api.glo.or.th/utility/file/download/4bf1fcae-9035-481f-94f5-6a0aef08a6f3"
"2023-11-16","2023-11-16","557990","14","[""346"",""412""]","[""778"",""961""]","L6-front3-2015","https://www.glo.or.th/api/checking/getLotteryResult","2026-10-01T16:33:02.255Z","","single_source","f13ffdff266b5ecf825cbdbdd7849d1666f147cde5bcfd07b5c7a12d59cb90b0","glo-1","https://api.glo.or.th/utility/file/download/c690240f-a7d8-4cd2-a0b9-dd55af8570b5"
"2023-12-01","2023-12-01","251097","91","[""055"",""265""]","[""092"",""280""]","L6-front3-2015","https://www.glo.or.th/api/checking/getLotteryResult","2026-10-01T16:32:56.457Z","","single_source","0d22e23b671d3e4efe4356157d38ccfa0de658a281687a66e0e1c3aa79921635","glo-1","https://api.glo.or.th/utility/file/download/e2b121d4-bb5f-45b7-b269-d34baf857b36"
"2023-12-16","2023-12-16","356757","85","[""058"",""410""]","[""584"",""964""]","L6-front3-2015","https://www.glo.or.th/api/checking/getLotteryResult","2026-10-01T16:21:59.735Z","","single_source","79a208826fa23e86b62a8b8424e4649773302978cd7a7f6f1c9cdb182c24c2bd","glo-1","https://api.glo.or.th/utility/file/download/4666308d-6e2e-4156-9d0e-180cd9395dff"
"2023-12-30","2023-12-30","625544","89","[""600"",""648""]","[""456"",""882""]","L6-front3-2015","https://www.glo.or.th/api/checking/getLotteryResult","2026-10-01T16:21:56.451Z","","single_source","369fa7021bae61263d14db37062f05b0275719c8d36be254ab095d8557ca6aba","glo-1","https://api.glo.or.th/utility/file/download/58ae095b-350e-4d93-aa48-3ea0d562eafd"
"2024-01-17","2024-01-17","105979","61","[""429"",""931""]","[""196"",""635""]","L6-front3-2015","https://www.glo.or.th/api/checking/getLotteryResult","2026-10-01T16:21:49.888Z","","single_source","a5c25989d1cfb4b2a5337c98d5e8e3c13b0d661323d47d2dfe4e22bb220c85f1","glo-1","https://api.glo.or.th/utility/file/download/def69797-7d46-4072-a7d0-473bf415d3e9"
"2024-02-01","2024-02-01","607063","09","[""454"",""943""]","[""544"",""591""]","L6-front3-2015","https://www.glo.or.th/api/checking/getLotteryResult","2026-10-01T16:21:48.202Z","","single_source","b5691d2afe6a59b06d1967b40f2988a3640cb4e32791efb10797cb2fde1aabaa","glo-1","https://api.glo.or.th/utility/file/download/29fbd763-6328-4da6-8e7b-b664df586aba"
"2024-02-16","2024-02-16","941395","43","[""056"",""330""]","[""375"",""587""]","L6-front3-2015","https://www.glo.or.th/api/checking/getLotteryResult","2026-10-01T16:21:44.887Z","","single_source","7fa6a537f9df26f1ca8d7da6291eead8cc516b777ea2e56d1512869c7f920189","glo-1","https://api.glo.or.th/utility/file/download/323a7755-69a8-450c-a13c-b1f4a6e6ba7f"
"2024-03-01","2024-03-01","253603","79","[""900"",""975""]","[""382"",""703""]","L6-front3-2015","https://www.glo.or.th/api/checking/getLotteryResult","2026-10-01T16:21:41.586Z","","single_source","3873c0a357e21174233db60a2636c6e9ea43b8fced30ca01befcf187aeb95b35","glo-1","https://api.glo.or.th/utility/file/download/e69671d4-cc33-4d53-bd0b-bea64c3d992e"
"2024-03-16","2024-03-16","997626","78","[""509"",""571""]","[""329"",""794""]","L6-front3-2015","https://www.glo.or.th/api/checking/getLotteryResult","2026-10-01T16:21:38.254Z","","single_source","b9bcba3214ebdecdffaeb347cb84b6fed9b52515d5335f33ff1cf03016a4b0e0","glo-1","https://api.glo.or.th/utility/file/download/2930e8bf-d06d-45d9-a5c6-1a2ab3daba36"
"2024-04-01","2024-04-01","803481","90","[""122"",""809""]","[""559"",""947""]","L6-front3-2015","https://www.glo.or.th/api/checking/getLotteryResult","2026-10-01T16:21:34.985Z","","single_source","d0ec3ba7c8117aedb495d859b1dc86a377dca77436555d886f18020f75ca00c4","glo-1","https://api.glo.or.th/utility/file/download/1c3aeaa9-1d6b-46bc-95e9-6d7aba3a5851"
"2024-04-16","2024-04-16","943598","79","[""727"",""729""]","[""154"",""200""]","L6-front3-2015","https://www.glo.or.th/api/checking/getLotteryResult","2026-10-01T16:21:31.702Z","","single_source","8e1ba7f4168a1b9b6ced6a22df1ce42618368fa5e38b70f8aedd316ccca06ed6","glo-1","https://api.glo.or.th/utility/file/download/73c281fd-e875-464a-a0f8-dd680d71d0bf"
"2024-05-02","2024-05-02","980116","17","[""104"",""763""]","[""634"",""833""]","L6-front3-2015","https://www.glo.or.th/api/checking/getLotteryResult","2026-10-01T16:21:26.852Z","","single_source","c824082f5519ac1ddf04ca462bc0e489ca6cd2ca02dcabd18b4708a47a14b706","glo-1","https://api.glo.or.th/utility/file/download/e652180f-5729-4082-8ce7-ed492cb15e8d"
"2024-05-16","2024-05-16","205690","60","[""747"",""885""]","[""070"",""137""]","L6-front3-2015","https://www.glo.or.th/api/checking/getLotteryResult","2026-10-01T16:21:25.087Z","","single_source","bb6a9ce5b53759d32ed8423cd046140127e40f1566f1eaac6df4e6822b0c5221","glo-1","https://api.glo.or.th/utility/file/download/6a3df85e-6751-43bd-9bd1-b48aef766202"
"2024-06-01","2024-06-01","530593","42","[""194"",""364""]","[""421"",""734""]","L6-front3-2015","https://www.glo.or.th/api/checking/getLotteryResult","2026-10-01T16:21:21.819Z","","single_source","ef1b66100504b58bcce5d3d049f227f3f638f4d64452c84e203a7adf5f61050f","glo-1","https://api.glo.or.th/utility/file/download/125b3da0-5acb-4801-9b13-38114f71bf49"
"2024-06-16","2024-06-16","518504","31","[""016"",""428""]","[""426"",""447""]","L6-front3-2015","https://www.glo.or.th/api/checking/getLotteryResult","2026-10-01T16:21:18.535Z","","single_source","49a92ef26a0d1511221296da0c4e1293f489e1d794821ffab3ab145383348f2f","glo-1","https://api.glo.or.th/utility/file/download/8a28f46b-b700-45f1-b557-1acbb0df8b80"
"2024-07-01","2024-07-01","434503","89","[""839"",""975""]","[""647"",""778""]","L6-front3-2015","https://www.glo.or.th/api/checking/getLotteryResult","2026-10-01T16:21:15.150Z","","single_source","5601e05eaa9feeb0bcc54b387f96a8073905495c1625e159cf554eab0ee0bba3","glo-1","https://api.glo.or.th/utility/file/download/22158d40-9bd9-405c-a886-300fc0f50d37"
"2024-07-16","2024-07-16","367336","21","[""011"",""331""]","[""421"",""618""]","L6-front3-2015","https://www.glo.or.th/api/checking/getLotteryResult","2026-10-01T16:21:11.888Z","","single_source","b1d92a8f591d7d2ffbd41c1d6ed1e79be5d66525a0d58aeab2df757227f5794a","glo-1","https://api.glo.or.th/utility/file/download/97d303b9-161b-4393-b4a9-2e3a1c94d156"
"2024-08-01","2024-08-01","407041","46","[""408"",""579""]","[""070"",""622""]","L6-front3-2015","https://www.glo.or.th/api/checking/getLotteryResult","2026-10-01T16:21:08.618Z","","single_source","779b16409f811393ad9114138bf5e4e8b3d673bf4caf57f3cd30ffe7603fda7e","glo-1","https://api.glo.or.th/utility/file/download/c030e80d-b1aa-4611-8e41-e319ab075d09"
"2024-08-16","2024-08-16","095867","28","[""212"",""334""]","[""697"",""728""]","L6-front3-2015","https://www.glo.or.th/api/checking/getLotteryResult","2026-10-01T16:21:05.319Z","","single_source","b5b0a9911f3e704678b1a19388ac77796bf63dad441beba1a98f4fd73c603278","glo-1","https://api.glo.or.th/utility/file/download/5a6fe0ad-e37e-4db1-9b29-71f11ad9d0a2"
"2024-09-01","2024-09-01","199606","94","[""173"",""220""]","[""094"",""388""]","L6-front3-2015","https://www.glo.or.th/api/checking/getLotteryResult","2026-10-01T16:21:02.019Z","","single_source","03eca0686267924a4fe676c6d17306d1c3538fe630f454561c50342eb43125ba","glo-1","https://api.glo.or.th/utility/file/download/14e0c585-c9dc-4ea9-a58e-575d805cfb25"
"2024-09-16","2024-09-16","608662","37","[""230"",""904""]","[""008"",""408""]","L6-front3-2015","https://www.glo.or.th/api/checking/getLotteryResult","2026-10-01T16:20:58.719Z","","single_source","fb84527aa89919ade98d68ff8793611c1b74a360b52f7e2d66ac30336f1d2668","glo-1","https://api.glo.or.th/utility/file/download/116185b5-4447-499b-87e4-39fd38286c42"
"2024-10-01","2024-10-01","718665","59","[""053"",""812""]","[""079"",""566""]","L6-front3-2015","https://www.glo.or.th/api/checking/getLotteryResult","2026-10-01T16:20:55.436Z","","single_source","6d8849defb8d28acc7fa163d10f05ced423eac6a3202f7eb735e1a1264a5928e","glo-1","https://api.glo.or.th/utility/file/download/b8faaf93-dce1-49b7-ac92-a984cc74a0b4"
"2024-10-16","2024-10-16","482962","00","[""561"",""648""]","[""493"",""919""]","L6-front3-2015","https://www.glo.or.th/api/checking/getLotteryResult","2026-10-01T16:20:52.117Z","","single_source","2e58847142a531420da86128aec34002b9c0c54989d17710b1aabd136269e162","glo-1","https://api.glo.or.th/utility/file/download/ca653e10-5b21-4e4b-bd8c-1dc519e49840"
"2024-11-01","2024-11-01","536044","32","[""174"",""225""]","[""063"",""231""]","L6-front3-2015","https://www.glo.or.th/api/checking/getLotteryResult","2026-10-01T16:20:48.807Z","","single_source","962cf05832bb181118c9ef9f38d988482b1704d971c96dbacaac6a038b3e61c8","glo-1","https://api.glo.or.th/utility/file/download/fad3fd8e-5f10-4694-90d5-364a57456ba6"
"2024-11-16","2024-11-16","187221","38","[""036"",""923""]","[""547"",""980""]","L6-front3-2015","https://www.glo.or.th/api/checking/getLotteryResult","2026-10-01T16:20:45.505Z","","single_source","954440b06c311a2788be54bbec9ea443c94b6310ced619a3106ec1a1f70aa93a","glo-1","https://api.glo.or.th/utility/file/download/f26bc0ca-2c16-4530-a7d2-d1f5378d33cb"
"2024-12-01","2024-12-01","669843","61","[""559"",""626""]","[""098"",""654""]","L6-front3-2015","https://www.glo.or.th/api/checking/getLotteryResult","2026-10-01T16:20:42.222Z","","single_source","974573575a12231cb348b480fee8a557613fc37e1be70a4b66face4d8b68336a","glo-1","https://api.glo.or.th/utility/file/download/a89340ea-2ec9-4bdb-8279-a5daed0d4060"
"2024-12-16","2024-12-16","097863","21","[""290"",""742""]","[""339"",""881""]","L6-front3-2015","https://www.glo.or.th/api/checking/getLotteryResult","2026-10-01T16:20:38.926Z","","single_source","f6f36b6e7fae63fdf9c837fdeb411814f14defbf5da111752f1514fe25fb7ae6","glo-1","https://api.glo.or.th/utility/file/download/7936f407-af2c-49bc-85da-f6f4e368806f"
"2025-01-02","2025-01-02","730209","51","[""065"",""446""]","[""297"",""376""]","L6-front3-2015","https://www.glo.or.th/api/checking/getLotteryResult","2026-10-01T16:20:32.455Z","","single_source","189fb0a0993a97deb02e549990e7fccdf6e75fb42d4951cb3f52ba2e209219fb","glo-1","https://api.glo.or.th/utility/file/download/a9af1ae8-e30b-41c8-9859-429e60b08986"
"2025-01-17","2025-01-17","807779","23","[""699"",""961""]","[""448"",""477""]","L6-front3-2015","https://www.glo.or.th/api/checking/getLotteryResult","2026-10-01T16:20:29.189Z","","single_source","ee141ab0defadf05a3446eb41aab778c36a47ab517847cbf672d94f060ea95b8","glo-1","https://api.glo.or.th/utility/file/download/2daed332-e3f5-40ca-b2cf-76a67a572627"
"2025-02-01","2025-02-01","558700","51","[""285"",""418""]","[""685"",""824""]","L6-front3-2015","https://www.glo.or.th/api/checking/getLotteryResult","2026-10-01T16:20:27.457Z","","single_source","be68a36d233c403c577b2628da8a4da04c0ed26ef2cac475de029b2d70c97445","glo-1","https://api.glo.or.th/utility/file/download/d6b20c70-28a1-489c-88d1-4cc640db0e53"
"2025-02-16","2025-02-16","847377","50","[""268"",""613""]","[""001"",""652""]","L6-front3-2015","https://www.glo.or.th/api/checking/getLotteryResult","2026-10-01T16:20:24.125Z","","single_source","1c6be6a412e176a91304dee76d55dd147da57ea130d0addc6354d30fd22151ba","glo-1","https://api.glo.or.th/utility/file/download/fe5fb51b-b53f-4f21-93cf-5cfda806f8e9"
"2025-03-01","2025-03-01","818894","54","[""139"",""530""]","[""656"",""781""]","L6-front3-2015","https://www.glo.or.th/api/checking/getLotteryResult","2026-10-01T16:20:20.808Z","","single_source","fb2f40acfa8c58f9146731500829b24f1fb8c8d827b20409e78f862517e5f0e5","glo-1","https://api.glo.or.th/utility/file/download/8f133af1-eaec-43fc-96bb-5a9b7cde5722"
"2025-03-16","2025-03-16","757563","32","[""595"",""927""]","[""309"",""457""]","L6-front3-2015","https://www.glo.or.th/api/checking/getLotteryResult","2026-10-01T16:20:17.507Z","","single_source","4f6a6b6a620212fa70ffa1838a5f68e62cd9c8c2c248d338b7d2d4bf774e7e56","glo-1","https://api.glo.or.th/utility/file/download/e47b7922-6fe5-4b45-b414-35c2bb26f32c"
"2025-04-01","2025-04-01","669687","36","[""635"",""760""]","[""180"",""666""]","L6-front3-2015","https://www.glo.or.th/api/checking/getLotteryResult","2026-10-01T16:20:14.190Z","","single_source","df9792110f98f9a9a95fd4cd06b5f857173d01d551d90fec3334ed89392f1c3c","glo-1","https://api.glo.or.th/utility/file/download/4f8e4aeb-ed2c-4f06-879f-747cb6576a3e"
"2025-04-16","2025-04-16","266227","85","[""254"",""413""]","[""474"",""760""]","L6-front3-2015","https://www.glo.or.th/api/checking/getLotteryResult","2026-10-01T16:20:10.907Z","","single_source","c9216ebcbb20969e1e17f4851742b5604a7e7ca5f6e9de4ee9a8020461b9cc03","glo-1","https://api.glo.or.th/utility/file/download/45eb50e2-2d95-4508-b2b0-aa915bbea842"
"2025-05-02","2025-05-02","213388","06","[""116"",""826""]","[""167"",""662""]","L6-front3-2015","https://www.glo.or.th/api/checking/getLotteryResult","2026-10-01T16:20:06.007Z","","single_source","098f16f9e4a7a2ed3140cc4a11a3df0259a03a9e733dbf3a65fa46fb6d68f273","glo-1","https://api.glo.or.th/utility/file/download/b7d09046-fa71-465f-bebb-c077e37b5857"
"2025-05-16","2025-05-16","251309","87","[""109"",""231""]","[""631"",""965""]","L6-front3-2015","https://www.glo.or.th/api/checking/getLotteryResult","2026-10-01T16:20:04.325Z","","single_source","78321094e63ac5fb0b28c9ea0b230acbbae3ba9af8631dec7aff832232382c01","glo-1","https://api.glo.or.th/utility/file/download/5f368ab9-46bd-4591-b702-1ddb210ec29e"
"2025-06-01","2025-06-01","559352","20","[""134"",""349""]","[""044"",""307""]","L6-front3-2015","https://www.glo.or.th/api/checking/getLotteryResult","2026-10-01T16:20:01.025Z","","single_source","ab78f384132f84409e3e8548564b074d4bd141c1f35ca77afc1e945587c484a6","glo-1","https://api.glo.or.th/utility/file/download/f4b8bd89-24d0-4299-989f-da6e9568e7d3"
"2025-06-16","2025-06-16","507392","06","[""017"",""243""]","[""299"",""736""]","L6-front3-2015","https://www.glo.or.th/api/checking/getLotteryResult","2026-10-01T16:19:57.707Z","","single_source","e9e4d4a21062bb3f0eb45ec699b71ce7452550713796ef48da48c6b4eaed8b60","glo-1","https://api.glo.or.th/utility/file/download/5d1c7e15-a71a-4a9e-8373-cb82717774e5"
"2025-07-01","2025-07-01","949246","91","[""169"",""680""]","[""261"",""918""]","L6-front3-2015","https://www.glo.or.th/api/checking/getLotteryResult","2026-10-01T16:19:54.291Z","","single_source","9bc7301502f621567de060b041c5614108195de473f00735e78d752899527133","glo-1","https://api.glo.or.th/utility/file/download/2678d7a1-c212-4700-bf74-fb35d6900c8a"
"2025-07-16","2025-07-16","245324","26","[""171"",""995""]","[""084"",""336""]","L6-front3-2015","https://www.glo.or.th/api/checking/getLotteryResult","2026-10-01T16:19:51.012Z","","single_source","41dd8fe8cf1e2931bf0be5ca10285470a2caa18822308c62ca20732dae68b43c","glo-1","https://api.glo.or.th/utility/file/download/1277d4f3-8860-4494-81a7-25e6a818a157"
"2025-08-01","2025-08-01","811852","50","[""142"",""525""]","[""512"",""891""]","L6-front3-2015","https://www.glo.or.th/api/checking/getLotteryResult","2026-10-01T16:04:13.746Z","","single_source","1b57d47156c539589bdb97429c6a0a4e699724839ccfd14284bd1759ad000b89","glo-1","https://api.glo.or.th/utility/file/download/0233469e-e3cf-4570-b963-d3b7383aab92"
"2025-08-16","2025-08-16","994865","63","[""247"",""602""]","[""834"",""989""]","L6-front3-2015","https://www.glo.or.th/api/checking/getLotteryResult","2026-10-01T16:04:12.745Z","","single_source","3e7040a104388e2732ee47224de062bed57a2fa5f082015bbc629572b508c0d7","glo-1","https://api.glo.or.th/utility/file/download/f882affc-0e5b-466a-aed7-b72cc016fa47"
"2025-09-01","2025-09-01","506356","31","[""012"",""131""]","[""022"",""209""]","L6-front3-2015","https://www.glo.or.th/api/checking/getLotteryResult","2026-10-01T16:04:11.727Z","","single_source","a8e60d3f1607b1adaf77655177f2cbc59ed6290d1d707456b24433390fbe8de5","glo-1","https://api.glo.or.th/utility/file/download/b3a9d912-8764-40fa-ab0e-4e54e632b744"
"2025-09-16","2025-09-16","074646","58","[""512"",""740""]","[""308"",""703""]","L6-front3-2015","https://www.glo.or.th/api/checking/getLotteryResult","2026-10-01T16:04:10.758Z","","single_source","85738af33934231f1868300130be4e65a6d4778a1f4fb1017820507a501902f6","glo-1","https://api.glo.or.th/utility/file/download/a457cc38-3705-4a59-927f-3c9f90130977"
"2025-10-01","2025-10-01","876978","77","[""532"",""843""]","[""280"",""605""]","L6-front3-2015","https://www.glo.or.th/api/checking/getLotteryResult","2026-10-01T16:04:09.744Z","","single_source","7270011fe4f0e4cdf776977af04a1af611b202abe052750bc9ff888a18f5a057","glo-1","https://api.glo.or.th/utility/file/download/0caed849-2cf3-4777-8c3c-5a7bf4dca5d4"
"2025-10-16","2025-10-16","059696","61","[""531"",""955""]","[""476"",""889""]","L6-front3-2015","https://www.glo.or.th/api/checking/getLotteryResult","2026-10-01T16:04:07.692Z","","single_source","d1ffc7ef40cb7ac866dfaf03bead3cd10b041f948b7bf09d5430c7d800c1bb3a","glo-1","https://api.glo.or.th/utility/file/download/15290bff-70b2-48a7-a8b9-35bee7c00d54"
"2025-11-01","2025-11-01","345898","87","[""328"",""449""]","[""111"",""690""]","L6-front3-2015","https://www.glo.or.th/api/checking/getLotteryResult","2026-10-01T16:04:06.709Z","","single_source","b06f03b4796f83ecc364a59b76acbce1aaca7479f0648187af54dc1688674d38","glo-1","https://api.glo.or.th/utility/file/download/5b7f1a27-18bd-471f-b28f-b55595733c8f"
"2025-11-16","2025-11-16","458145","37","[""242"",""602""]","[""239"",""389""]","L6-front3-2015","https://www.glo.or.th/api/checking/getLotteryResult","2026-10-01T16:04:05.726Z","","single_source","e2cac68741a6b69070fa69d1b95763efaa0d93efd00ab1e8077372b2a5affefe","glo-1","https://api.glo.or.th/utility/file/download/586cfd18-a909-4982-ab44-d59046995093"
"2025-12-01","2025-12-01","461252","22","[""389"",""655""]","[""137"",""995""]","L6-front3-2015","https://www.glo.or.th/api/checking/getLotteryResult","2026-10-01T16:04:04.754Z","","single_source","c0802b4537e4e581ffb26493613c8feca013d0757acfd133818a0e0c36f0160c","glo-1","https://api.glo.or.th/utility/file/download/9371a409-2ca1-465b-a824-e3a58194ef7b"
"2025-12-16","2025-12-16","763895","52","[""176"",""431""]","[""014"",""449""]","L6-front3-2015","https://www.glo.or.th/api/checking/getLotteryResult","2026-10-01T16:04:03.760Z","","single_source","11accc7163ac6a417cc3c4036fc60ebc28bf38a4df82b26729bde693f50e5fdd","glo-1","https://api.glo.or.th/utility/file/download/0c8c3f0e-bf9e-4589-bc98-4e68201a52e7"
"2026-01-02","2026-01-02","837706","16","[""347"",""694""]","[""288"",""765""]","L6-front3-2015","https://www.glo.or.th/api/checking/getLotteryResult","2026-10-01T16:04:01.910Z","","single_source","60de91ccae9969cedc42ec88164b9d85e62b236db4793b1a1f0e3ee6a6bdb85d","glo-1","https://api.glo.or.th/utility/file/download/f4575ff4-2286-4125-a9e8-9d9f99042049"
"2026-01-17","2026-01-17","878972","02","[""299"",""815""]","[""363"",""662""]","L6-front3-2015","https://www.glo.or.th/api/checking/getLotteryResult","2026-10-01T16:04:00.926Z","","single_source","32446db3a8af2840932c098386a188e7c47cc088b2d88f781b76dab0d1040fcd","glo-1","https://api.glo.or.th/utility/file/download/6ab11f29-5ac7-4275-922c-41096765cae3"
"2026-02-01","2026-02-01","174629","48","[""195"",""917""]","[""041"",""408""]","L6-front3-2015","https://www.glo.or.th/api/checking/getLotteryResult","2026-10-01T16:04:00.377Z","","single_source","43f8a4e1a9bad715dddb754977f5ab37597ce2ff70abd2a6582f6d57ba53be3c","glo-1","https://api.glo.or.th/utility/file/download/486b22aa-643c-4a16-8276-0813c7a7f163"
"2026-02-16","2026-02-16","340563","07","[""241"",""527""]","[""169"",""578""]","L6-front3-2015","https://www.glo.or.th/api/checking/getLotteryResult","2026-10-01T16:03:59.378Z","","single_source","59926a539c1c56fd0d33a0c4b316a9c0c1085801cc4eb05df44ad7334436321b","glo-1","https://api.glo.or.th/utility/file/download/0df39a6a-974d-4392-81bc-da1c789eb2b5"
"2026-03-01","2026-03-01","820866","06","[""054"",""479""]","[""068"",""837""]","L6-front3-2015","https://www.glo.or.th/api/checking/getLotteryResult","2026-10-01T16:03:58.411Z","","single_source","787e7d190b87596c4abbcc2aee44fa56927ad246e674e5ffff46c15154b639a2","glo-1","https://api.glo.or.th/utility/file/download/10066e8d-d2df-41c5-ae42-8dfc3fff272a"
"2026-03-16","2026-03-16","833009","64","[""510"",""983""]","[""439"",""954""]","L6-front3-2015","https://www.glo.or.th/api/checking/getLotteryResult","2026-10-01T16:03:57.442Z","","single_source","a1e2784765e8630d361c7ab2a17c3f557e6804a061d2cec2cd999995fa8a7600","glo-1","https://api.glo.or.th/utility/file/download/5ecdeec4-cbb5-4a9c-9f38-ab1cd4f90916"
"2026-04-01","2026-04-01","292514","47","[""113"",""406""]","[""098"",""851""]","L6-front3-2015","https://www.glo.or.th/api/checking/getLotteryResult","2026-10-01T16:03:56.443Z","","single_source","cf2c57457ebe79f614c875bc5af85677148df589be845d6dae4c6b5e7db45379","glo-1","https://api.glo.or.th/utility/file/download/a5541b69-5126-4480-947c-56f88630b4c3"
"2026-04-16","2026-04-16","309612","77","[""108"",""355""]","[""424"",""868""]","L6-front3-2015","https://www.glo.or.th/api/checking/getLotteryResult","2026-10-01T16:03:55.427Z","","single_source","67490753dc7f9bc951eaf8a63dade72ffb9855a3f7dd46b8cfe15d9b4f26c725","glo-1","https://api.glo.or.th/utility/file/download/de7e02f6-de0e-487a-a64e-c09347c9580b"
"2026-05-02","2026-05-02","536077","43","[""267"",""318""]","[""065"",""153""]","L6-front3-2015","https://www.glo.or.th/api/checking/getLotteryResult","2026-10-01T16:03:53.995Z","","single_source","edb623378da603ab7df1554b0231d7bdbc9a3ab01c3646eac1cd1b5cb0daf76d","glo-1","https://api.glo.or.th/utility/file/download/66d2225a-2ca8-4bb8-a131-e6a239ba76f3"
"2026-05-16","2026-05-16","107387","08","[""091"",""298""]","[""602"",""716""]","L6-front3-2015","https://www.glo.or.th/api/checking/getLotteryResult","2026-10-01T16:03:53.458Z","","single_source","3342b984d40ecdfb493ddfe040b696bc778f99d7dd76374fbb274681969f880a","glo-1","https://api.glo.or.th/utility/file/download/af78f79e-ed62-49aa-b280-8c78e1dbbfe1"
"2026-06-01","2026-06-01","173770","95","[""415"",""848""]","[""410"",""938""]","L6-front3-2015","https://www.glo.or.th/api/checking/getLotteryResult","2026-10-01T16:03:52.440Z","","single_source","1fe7a184685882beef1d0ab5cfb9d94d9481504d393827b2ed8e2132fa7d568d","glo-1","https://api.glo.or.th/utility/file/download/2f7b48e7-3a43-4054-9b02-07fe080e9211"
"2026-06-16","2026-06-16","287184","48","[""434"",""758""]","[""007"",""721""]","L6-front3-2015","https://www.glo.or.th/api/checking/getLotteryResult","2026-10-01T16:03:51.377Z","","single_source","b3ea2f871778c0ef738290be6b605e837aaed02bfffb137a61c7faf90feae21d","glo-1","https://api.glo.or.th/utility/file/download/8572f5d7-3c5b-4ad2-ab30-0f78dc47511c"
"2026-07-01","2026-07-01","751495","62","[""001"",""980""]","[""304"",""531""]","L6-front3-2015","https://www.glo.or.th/api/checking/getLotteryResult","2026-10-01T16:03:50.376Z","","single_source","dc717ee6cb7f80c85ada34101e991a0e2a61a7fdb8db1c63763b430c8e630c6d","glo-1","https://api.glo.or.th/utility/file/download/a7d660d1-d670-4a7a-b5d9-edf138e97ebd"
"2026-07-16","2026-07-16","639214","71","[""683"",""709""]","[""427"",""746""]","L6-front3-2015","https://www.glo.or.th/api/checking/getLotteryResult","2026-10-01T16:03:49.393Z","","single_source","b00e53350d5e4c2273445b03bb6292e17a7f752f7996d7c2ade312690a89499f","glo-1","https://api.glo.or.th/utility/file/download/e42a2164-1d65-4765-b4dd-89212ade2c2c"
"2026-08-01","2026-08-01","932479","69","[""413"",""672""]","[""039"",""154""]","L6-front3-2015","https://www.glo.or.th/api/checking/getLotteryResult","2026-10-01T16:03:48.343Z","","single_source","b9a1c9e940ae8e98cbf12575f7c444cf7901195244328436498f7bab71e17267","glo-1","https://api.glo.or.th/utility/file/download/d0087eea-044b-4b35-9831-6a45cbd0604f"
"2026-08-16","2026-08-16","004615","53","[""429"",""731""]","[""094"",""937""]","L6-front3-2015","https://www.glo.or.th/api/checking/getLotteryResult","2026-10-01T16:03:47.245Z","","single_source","cfb730e00597e6c28649df93c11eeb6472099e955535bec2eefa7ce5cbc4a6ce","glo-1","https://api.glo.or.th/utility/file/download/b02aa6da-4092-4274-badc-99dcd66ae66c"
"2026-09-01","2026-09-01","417212","04","[""257"",""346""]","[""136"",""740""]","L6-front3-2015","https://www.glo.or.th/api/checking/getLotteryResult","2026-10-01T16:03:46.260Z","","single_source","e4e2b92329102f8cf29fd8d43cb51bd297791e540cd04b9c7767246d0e510b49","glo-1","https://api.glo.or.th/utility/file/download/e5b34626-63cd-435c-b5cb-ccb463d1499c"
"2026-09-16","2026-09-16","730640","64","[""060"",""521""]","[""041"",""266""]","L6-front3-2015","https://www.glo.or.th/api/checking/getLotteryResult","2026-10-01T16:03:45.244Z","","single_source","f022d21324c5e8cd48ab09922042e8bfe4b1834a342c5ee79b64c62f2da92902","glo-1","https://api.glo.or.th/utility/file/download/b0e2f806-a9bb-4269-b2d8-a155e8a39e2d"
"2026-10-01","2026-10-01","402701","70","[""791"",""912""]","[""058"",""396""]","L6-front3-2015","https://www.glo.or.th/api/lottery/getLatestLottery","2026-10-01T16:03:44.729Z","","single_source","a87d58f00495732a49d739852bacdcc60e66a21d1c26781f24f50f1fcbbde1c1","glo-1","https://api.glo.or.th/utility/file/download/fdbd2111-5461-494d-9e45-91389297d1e9"