"date","trainEnd","model","phase","actual","hits","brier","logLoss","actualProbability","runId"
"2025-04-16","2025-04-01","uniform","validation","85","{""1"":false,""5"":false,""10"":false,""20"":false}","0.9899999999999998","4.605170185988091","0.01","9b1ed7ffa110af55"
"2025-04-16","2025-04-01","frequency","validation","85","{""1"":false,""5"":false,""10"":false,""20"":false}","0.9859166807218757","4.343805421853684","0.012987012987012988","9b1ed7ffa110af55"
"2025-04-16","2025-04-01","recent","validation","85","{""1"":false,""5"":false,""10"":false,""20"":false}","0.9948611111111114","4.787491742782046","0.008333333333333333","9b1ed7ffa110af55"
"2025-04-16","2025-04-01","decay","validation","85","{""1"":false,""5"":false,""10"":false,""20"":false}","0.9894136161188979","4.53322887826724","0.010745922719433127","9b1ed7ffa110af55"
"2025-04-16","2025-04-01","position","validation","85","{""1"":false,""5"":false,""10"":false,""20"":false}","1.0022459030151367","5.322033893165353","0.0048828125","9b1ed7ffa110af55"
"2025-04-16","2025-04-01","markov","validation","85","{""1"":false,""5"":false,""10"":false,""20"":false}","0.9952965561224489","4.718498871295095","0.008928571428571428","9b1ed7ffa110af55"
"2025-04-16","2025-04-01","sum","validation","85","{""1"":false,""5"":false,""10"":false,""20"":false}","0.9887270531982962","4.526126978647638","0.010822510822510822","9b1ed7ffa110af55"
"2025-04-16","2025-04-01","ensemble","validation","85","{""1"":false,""5"":false,""10"":false,""20"":false}","0.9916304448940565","4.6497375080855985","0.009564112103174602","9b1ed7ffa110af55"
"2025-04-16","2025-04-01","fixed","validation","85","{""1"":false,""5"":false,""10"":false,""20"":false}","0.9899999999999998","4.605170185988091","0.01","9b1ed7ffa110af55"
"2025-04-16","2025-04-01","random1","validation","85","{""1"":false,""5"":false,""10"":false,""20"":false}","0.9899999999999998","4.605170185988091","0.01","9b1ed7ffa110af55"
"2025-04-16","2025-04-01","random2","validation","85","{""1"":false,""5"":false,""10"":true,""20"":true}","0.9899999999999998","4.605170185988091","0.01","9b1ed7ffa110af55"
"2025-04-16","2025-04-01","random3","validation","85","{""1"":false,""5"":false,""10"":false,""20"":true}","0.9899999999999998","4.605170185988091","0.01","9b1ed7ffa110af55"
"2025-05-02","2025-04-16","uniform","validation","06","{""1"":false,""5"":false,""10"":false,""20"":false}","0.989999999999999","4.605170185988091","0.01","9b1ed7ffa110af55"
"2025-05-02","2025-04-16","frequency","validation","06","{""1"":false,""5"":false,""10"":false,""20"":false}","0.9990426638917825","5.043425116919247","0.0064516129032258064","9b1ed7ffa110af55"
"2025-05-02","2025-04-16","recent","validation","06","{""1"":false,""5"":false,""10"":false,""20"":false}","0.9948611111111125","4.787491742782046","0.008333333333333333","9b1ed7ffa110af55"
"2025-05-02","2025-04-16","decay","validation","06","{""1"":false,""5"":false,""10"":false,""20"":false}","0.9949167164589507","4.82825674446231","0.00800045595571291","9b1ed7ffa110af55"
"2025-05-02","2025-04-16","position","validation","06","{""1"":false,""5"":false,""10"":false,""20"":false}","1.0004379118378208","5.170720709443328","0.005680473372781066","9b1ed7ffa110af55"
"2025-05-02","2025-04-16","markov","validation","06","{""1"":false,""5"":false,""10"":false,""20"":false}","1.0029585798816572","5.204006687076795","0.005494505494505495","9b1ed7ffa110af55"
"2025-05-02","2025-04-16","sum","validation","06","{""1"":false,""5"":false,""10"":false,""20"":false}","0.9901078572254429","4.59143999317619","0.010138248847926268","9b1ed7ffa110af55"
"2025-05-02","2025-04-16","ensemble","validation","06","{""1"":false,""5"":false,""10"":false,""20"":false}","0.9958828327229539","4.903112038270883","0.0074234450413110465","9b1ed7ffa110af55"
"2025-05-02","2025-04-16","fixed","validation","06","{""1"":false,""5"":false,""10"":true,""20"":true}","0.989999999999999","4.605170185988091","0.01","9b1ed7ffa110af55"
"2025-05-02","2025-04-16","random1","validation","06","{""1"":false,""5"":false,""10"":false,""20"":false}","0.989999999999999","4.605170185988091","0.01","9b1ed7ffa110af55"
"2025-05-02","2025-04-16","random2","validation","06","{""1"":false,""5"":false,""10"":false,""20"":false}","0.989999999999999","4.605170185988091","0.01","9b1ed7ffa110af55"
"2025-05-02","2025-04-16","random3","validation","06","{""1"":false,""5"":false,""10"":false,""20"":false}","0.989999999999999","4.605170185988091","0.01","9b1ed7ffa110af55"
"2025-05-16","2025-05-02","uniform","validation","87","{""1"":false,""5"":false,""10"":false,""20"":false}","0.9899999999999999","4.605170185988091","0.01","9b1ed7ffa110af55"
"2025-05-16","2025-05-02","frequency","validation","87","{""1"":false,""5"":false,""10"":false,""20"":false}","0.9990959894806053","5.049856007249537","0.00641025641025641","9b1ed7ffa110af55"
"2025-05-16","2025-05-02","recent","validation","87","{""1"":false,""5"":false,""10"":false,""20"":false}","0.9948611111111113","4.787491742782046","0.008333333333333333","9b1ed7ffa110af55"
"2025-05-16","2025-05-02","decay","validation","87","{""1"":false,""5"":false,""10"":false,""20"":false}","0.994904625145966","4.8294453127283425","0.007990952516512072","9b1ed7ffa110af55"
"2025-05-16","2025-05-02","position","validation","87","{""1"":false,""5"":false,""10"":false,""20"":false}","0.9978624208526539","4.978112102390695","0.006887052341597796","9b1ed7ffa110af55"
"2025-05-16","2025-05-02","markov","validation","87","{""1"":false,""5"":false,""10"":false,""20"":false}","1.003550295857989","5.272999558563747","0.005128205128205128","9b1ed7ffa110af55"
"2025-05-16","2025-05-02","sum","validation","87","{""1"":false,""5"":false,""10"":false,""20"":false}","0.9943610224058942","4.826712455935327","0.008012820512820512","9b1ed7ffa110af55"
"2025-05-16","2025-05-02","ensemble","validation","87","{""1"":false,""5"":false,""10"":false,""20"":false}","0.9964869599728602","4.947185055641896","0.007103376421558239","9b1ed7ffa110af55"
"2025-05-16","2025-05-02","fixed","validation","87","{""1"":false,""5"":false,""10"":false,""20"":false}","0.9899999999999999","4.605170185988091","0.01","9b1ed7ffa110af55"
"2025-05-16","2025-05-02","random1","validation","87","{""1"":false,""5"":false,""10"":false,""20"":false}","0.9899999999999999","4.605170185988091","0.01","9b1ed7ffa110af55"
"2025-05-16","2025-05-02","random2","validation","87","{""1"":false,""5"":false,""10"":false,""20"":true}","0.9899999999999999","4.605170185988091","0.01","9b1ed7ffa110af55"
"2025-05-16","2025-05-02","random3","validation","87","{""1"":false,""5"":false,""10"":false,""20"":false}","0.9899999999999999","4.605170185988091","0.01","9b1ed7ffa110af55"
"2025-06-01","2025-05-16","uniform","validation","20","{""1"":false,""5"":false,""10"":false,""20"":true}","0.9899999999999991","4.605170185988091","0.01","9b1ed7ffa110af55"
"2025-06-01","2025-05-16","frequency","validation","20","{""1"":false,""5"":false,""10"":false,""20"":false}","0.9991480384599802","5.056245805348308","0.006369426751592357","9b1ed7ffa110af55"
"2025-06-01","2025-05-16","recent","validation","20","{""1"":false,""5"":false,""10"":false,""20"":false}","0.9947222222222235","4.787491742782046","0.008333333333333333","9b1ed7ffa110af55"
"2025-06-01","2025-05-16","decay","validation","20","{""1"":false,""5"":false,""10"":false,""20"":false}","0.9948938068960901","4.830592054220238","0.00798179421180923","9b1ed7ffa110af55"
"2025-06-01","2025-05-16","position","validation","20","{""1"":false,""5"":false,""10"":false,""20"":false}","0.9959313926009378","4.854037177292518","0.0077968367119625745","9b1ed7ffa110af55"
"2025-06-01","2025-05-16","markov","validation","20","{""1"":false,""5"":true,""10"":true,""20"":true}","0.974376417233562","3.960813169597578","0.019047619047619046","9b1ed7ffa110af55"
"2025-06-01","2025-05-16","sum","validation","20","{""1"":false,""5"":false,""10"":false,""20"":false}","0.9976274835194057","5.056245805348308","0.006369426751592356","9b1ed7ffa110af55"
"2025-06-01","2025-05-16","ensemble","validation","20","{""1"":false,""5"":false,""10"":false,""20"":false}","0.9969738327499071","4.9842032091607456","0.0068452300717157626","9b1ed7ffa110af55"
"2025-06-01","2025-05-16","fixed","validation","20","{""1"":false,""5"":false,""10"":false,""20"":false}","0.9899999999999991","4.605170185988091","0.01","9b1ed7ffa110af55"
"2025-06-01","2025-05-16","random1","validation","20","{""1"":false,""5"":false,""10"":false,""20"":false}","0.9899999999999991","4.605170185988091","0.01","9b1ed7ffa110af55"
"2025-06-01","2025-05-16","random2","validation","20","{""1"":false,""5"":false,""10"":false,""20"":false}","0.9899999999999991","4.605170185988091","0.01","9b1ed7ffa110af55"
"2025-06-01","2025-05-16","random3","validation","20","{""1"":false,""5"":false,""10"":false,""20"":false}","0.9899999999999991","4.605170185988091","0.01","9b1ed7ffa110af55"
"2025-06-16","2025-06-01","uniform","validation","06","{""1"":false,""5"":false,""10"":false,""20"":false}","0.989999999999999","4.605170185988091","0.01","9b1ed7ffa110af55"
"2025-06-16","2025-06-01","frequency","validation","06","{""1"":false,""5"":false,""10"":false,""20"":false}","0.9865406184906261","4.3694478524670215","0.012658227848101266","9b1ed7ffa110af55"
"2025-06-16","2025-06-01","recent","validation","06","{""1"":false,""5"":false,""10"":false,""20"":true}","0.9780555555555569","4.0943445622221","0.016666666666666666","9b1ed7ffa110af55"
"2025-06-16","2025-06-01","decay","validation","06","{""1"":false,""5"":false,""10"":true,""20"":true}","0.980006071278661","4.17260821868595","0.015412009764002532","9b1ed7ffa110af55"
"2025-06-16","2025-06-01","position","validation","06","{""1"":false,""5"":false,""10"":false,""20"":false}","0.9963156721064169","4.8836673488628","0.007569204152249135","9b1ed7ffa110af55"
"2025-06-16","2025-06-01","markov","validation","06","{""1"":false,""5"":false,""10"":false,""20"":false}","0.9964923469387743","4.718498871295095","0.008928571428571428","9b1ed7ffa110af55"
"2025-06-16","2025-06-01","sum","validation","06","{""1"":false,""5"":false,""10"":false,""20"":false}","0.9886291815770271","4.5235985322942796","0.0108499095840868","9b1ed7ffa110af55"
"2025-06-16","2025-06-01","ensemble","validation","06","{""1"":false,""5"":false,""10"":false,""20"":false}","0.9899145552355687","4.569888580415361","0.010359113861479067","9b1ed7ffa110af55"
"2025-06-16","2025-06-01","fixed","validation","06","{""1"":false,""5"":false,""10"":true,""20"":true}","0.989999999999999","4.605170185988091","0.01","9b1ed7ffa110af55"
"2025-06-16","2025-06-01","random1","validation","06","{""1"":false,""5"":false,""10"":false,""20"":false}","0.989999999999999","4.605170185988091","0.01","9b1ed7ffa110af55"
"2025-06-16","2025-06-01","random2","validation","06","{""1"":false,""5"":false,""10"":false,""20"":false}","0.989999999999999","4.605170185988091","0.01","9b1ed7ffa110af55"
"2025-06-16","2025-06-01","random3","validation","06","{""1"":false,""5"":false,""10"":false,""20"":false}","0.989999999999999","4.605170185988091","0.01","9b1ed7ffa110af55"
"2025-07-01","2025-06-16","uniform","validation","91","{""1"":false,""5"":false,""10"":false,""20"":false}","0.9899999999999999","4.605170185988091","0.01","9b1ed7ffa110af55"
"2025-07-01","2025-06-16","frequency","validation","91","{""1"":false,""5"":true,""10"":true,""20"":true}","0.9741703255409198","3.970291913552122","0.018867924528301886","9b1ed7ffa110af55"
"2025-07-01","2025-06-16","recent","validation","91","{""1"":false,""5"":false,""10"":false,""20"":false}","0.9948611111111113","4.787491742782046","0.008333333333333333","9b1ed7ffa110af55"
"2025-07-01","2025-06-16","decay","validation","91","{""1"":false,""5"":false,""10"":false,""20"":false}","0.986982361513691","4.425499261618868","0.011968234528795493","9b1ed7ffa110af55"
"2025-07-01","2025-06-16","position","validation","91","{""1"":false,""5"":true,""10"":true,""20"":true}","0.9744104688019267","3.9908761947163125","0.018483511867254776","9b1ed7ffa110af55"
"2025-07-01","2025-06-16","markov","validation","91","{""1"":false,""5"":false,""10"":false,""20"":false}","1.0044642857142856","5.4116460518550396","0.004464285714285714","9b1ed7ffa110af55"
"2025-07-01","2025-06-16","sum","validation","91","{""1"":false,""5"":false,""10"":true,""20"":true}","0.986581145386177","4.4329154355002345","0.011879804332634521","9b1ed7ffa110af55"
"2025-07-01","2025-06-16","ensemble","validation","91","{""1"":false,""5"":true,""10"":true,""20"":true}","0.9778046024701244","4.109839171512545","0.016410413576063727","9b1ed7ffa110af55"
"2025-07-01","2025-06-16","fixed","validation","91","{""1"":false,""5"":false,""10"":false,""20"":false}","0.9899999999999999","4.605170185988091","0.01","9b1ed7ffa110af55"
"2025-07-01","2025-06-16","random1","validation","91","{""1"":false,""5"":false,""10"":false,""20"":false}","0.9899999999999999","4.605170185988091","0.01","9b1ed7ffa110af55"
"2025-07-01","2025-06-16","random2","validation","91","{""1"":false,""5"":false,""10"":false,""20"":false}","0.9899999999999999","4.605170185988091","0.01","9b1ed7ffa110af55"
"2025-07-01","2025-06-16","random3","validation","91","{""1"":false,""5"":false,""10"":false,""20"":false}","0.9899999999999999","4.605170185988091","0.01","9b1ed7ffa110af55"
"2025-07-16","2025-07-01","uniform","validation","26","{""1"":false,""5"":false,""10"":false,""20"":false}","0.9899999999999992","4.605170185988091","0.01","9b1ed7ffa110af55"
"2025-07-16","2025-07-01","frequency","validation","26","{""1"":false,""5"":false,""10"":false,""20"":false}","0.999531249999998","5.075173815233827","0.00625","9b1ed7ffa110af55"
"2025-07-16","2025-07-01","recent","validation","26","{""1"":false,""5"":false,""10"":false,""20"":false}","0.9948611111111123","4.787491742782046","0.008333333333333333","9b1ed7ffa110af55"
"2025-07-16","2025-07-01","decay","validation","26","{""1"":false,""5"":false,""10"":false,""20"":false}","0.9950359048419581","4.833796203196185","0.007956260283160396","9b1ed7ffa110af55"
"2025-07-16","2025-07-01","position","validation","26","{""1"":false,""5"":false,""10"":false,""20"":false}","0.9920086630570588","4.625789473190827","0.009795918367346938","9b1ed7ffa110af55"
"2025-07-16","2025-07-01","markov","validation","26","{""1"":false,""5"":false,""10"":false,""20"":false}","0.9968858131487888","4.7303333289420975","0.008823529411764706","9b1ed7ffa110af55"
"2025-07-16","2025-07-01","sum","validation","26","{""1"":false,""5"":false,""10"":false,""20"":false}","0.9909193638392856","4.633341062954788","0.009722222222222222","9b1ed7ffa110af55"
"2025-07-16","2025-07-01","ensemble","validation","26","{""1"":false,""5"":false,""10"":false,""20"":false}","0.9935249213592044","4.757228699661025","0.008589380196523054","9b1ed7ffa110af55"
"2025-07-16","2025-07-01","fixed","validation","26","{""1"":false,""5"":false,""10"":false,""20"":false}","0.9899999999999992","4.605170185988091","0.01","9b1ed7ffa110af55"
"2025-07-16","2025-07-01","random1","validation","26","{""1"":false,""5"":false,""10"":false,""20"":false}","0.9899999999999992","4.605170185988091","0.01","9b1ed7ffa110af55"
"2025-07-16","2025-07-01","random2","validation","26","{""1"":false,""5"":false,""10"":false,""20"":false}","0.9899999999999992","4.605170185988091","0.01","9b1ed7ffa110af55"
"2025-07-16","2025-07-01","random3","validation","26","{""1"":false,""5"":false,""10"":false,""20"":false}","0.9899999999999992","4.605170185988091","0.01","9b1ed7ffa110af55"
"2025-08-01","2025-07-16","uniform","validation","50","{""1"":false,""5"":false,""10"":false,""20"":false}","0.9899999999999994","4.605170185988091","0.01","9b1ed7ffa110af55"
"2025-08-01","2025-07-16","frequency","validation","50","{""1"":false,""5"":false,""10"":false,""20"":false}","0.987153273407661","4.388257184424518","0.012422360248447204","9b1ed7ffa110af55"
"2025-08-01","2025-07-16","recent","validation","50","{""1"":false,""5"":false,""10"":false,""20"":true}","0.978194444444445","4.0943445622221","0.016666666666666666","9b1ed7ffa110af55"
"2025-08-01","2025-07-16","decay","validation","50","{""1"":false,""5"":false,""10"":false,""20"":true}","0.9837769656316584","4.299990244772179","0.013568691377230928","9b1ed7ffa110af55"
"2025-08-01","2025-07-16","position","validation","50","{""1"":false,""5"":false,""10"":false,""20"":false}","0.9861983550005999","4.3664766707229585","0.012695893671890498","9b1ed7ffa110af55"
"2025-08-01","2025-07-16","markov","validation","50","{""1"":false,""5"":false,""10"":false,""20"":false}","0.9893425605536335","4.442651256490317","0.011764705882352941","9b1ed7ffa110af55"
"2025-08-01","2025-07-16","sum","validation","50","{""1"":false,""5"":false,""10"":false,""20"":false}","0.9875854473574466","4.475268561414147","0.011387163561076606","9b1ed7ffa110af55"
"2025-08-01","2025-07-16","ensemble","validation","50","{""1"":false,""5"":false,""10"":false,""20"":true}","0.9863568888843164","4.408906893927238","0.01216847249380477","9b1ed7ffa110af55"
"2025-08-01","2025-07-16","fixed","validation","50","{""1"":false,""5"":false,""10"":false,""20"":false}","0.9899999999999994","4.605170185988091","0.01","9b1ed7ffa110af55"
"2025-08-01","2025-07-16","random1","validation","50","{""1"":false,""5"":false,""10"":false,""20"":false}","0.9899999999999994","4.605170185988091","0.01","9b1ed7ffa110af55"
"2025-08-01","2025-07-16","random2","validation","50","{""1"":false,""5"":false,""10"":false,""20"":false}","0.9899999999999994","4.605170185988091","0.01","9b1ed7ffa110af55"
"2025-08-01","2025-07-16","random3","validation","50","{""1"":false,""5"":false,""10"":false,""20"":true}","0.9899999999999994","4.605170185988091","0.01","9b1ed7ffa110af55"
"2025-08-16","2025-08-01","uniform","validation","63","{""1"":false,""5"":false,""10"":false,""20"":false}","0.9899999999999995","4.605170185988091","0.01","9b1ed7ffa110af55"
"2025-08-16","2025-08-01","frequency","validation","63","{""1"":false,""5"":false,""10"":false,""20"":false}","0.9873494894071031","4.394449154672439","0.012345679012345678","9b1ed7ffa110af55"
"2025-08-16","2025-08-01","recent","validation","63","{""1"":false,""5"":false,""10"":false,""20"":false}","0.9950000000000006","4.787491742782046","0.008333333333333333","9b1ed7ffa110af55"
"2025-08-16","2025-08-01","decay","validation","63","{""1"":false,""5"":false,""10"":false,""20"":false}","0.9913826467633666","4.626089832911304","0.009792976509874169","9b1ed7ffa110af55"
"2025-08-16","2025-08-01","position","validation","63","{""1"":false,""5"":false,""10"":false,""20"":false}","0.9942961665047246","4.746669748261791","0.008680555555555556","9b1ed7ffa110af55"
"2025-08-16","2025-08-01","markov","validation","63","{""1"":false,""5"":false,""10"":false,""20"":false}","1.0069084421881926","5.666426688112432","0.0034602076124567475","9b1ed7ffa110af55"
"2025-08-16","2025-08-01","sum","validation","63","{""1"":false,""5"":false,""10"":false,""20"":false}","0.9906252494901329","4.617592705986649","0.009876543209876543","9b1ed7ffa110af55"
"2025-08-16","2025-08-01","ensemble","validation","63","{""1"":false,""5"":false,""10"":false,""20"":false}","0.9901180925947598","4.5755214920659615","0.010300925925925927","9b1ed7ffa110af55"
"2025-08-16","2025-08-01","fixed","validation","63","{""1"":false,""5"":false,""10"":false,""20"":false}","0.9899999999999995","4.605170185988091","0.01","9b1ed7ffa110af55"
"2025-08-16","2025-08-01","random1","validation","63","{""1"":false,""5"":false,""10"":false,""20"":false}","0.9899999999999995","4.605170185988091","0.01","9b1ed7ffa110af55"
"2025-08-16","2025-08-01","random2","validation","63","{""1"":false,""5"":false,""10"":false,""20"":false}","0.9899999999999995","4.605170185988091","0.01","9b1ed7ffa110af55"
"2025-08-16","2025-08-01","random3","validation","63","{""1"":false,""5"":false,""10"":false,""20"":false}","0.9899999999999995","4.605170185988091","0.01","9b1ed7ffa110af55"
"2025-09-01","2025-08-16","uniform","validation","31","{""1"":false,""5"":false,""10"":false,""20"":true}","0.9899999999999992","4.605170185988091","0.01","9b1ed7ffa110af55"
"2025-09-01","2025-08-16","frequency","validation","31","{""1"":false,""5"":false,""10"":false,""20"":true}","0.9875418721065895","4.400603020246817","0.012269938650306749","9b1ed7ffa110af55"
"2025-09-01","2025-08-16","recent","validation","31","{""1"":false,""5"":false,""10"":false,""20"":false}","0.995000000000001","4.787491742782046","0.008333333333333333","9b1ed7ffa110af55"
"2025-09-01","2025-08-16","decay","validation","31","{""1"":false,""5"":false,""10"":false,""20"":false}","0.9890820451183328","4.515367960677709","0.010939579051236712","9b1ed7ffa110af55"
"2025-09-01","2025-08-16","position","validation","31","{""1"":false,""5"":true,""10"":true,""20"":true}","0.9756062708250137","4.016570690828946","0.018014636892475133","9b1ed7ffa110af55"
"2025-09-01","2025-08-16","markov","validation","31","{""1"":false,""5"":false,""10"":false,""20"":false}","0.9984882842025686","4.836281906951478","0.007936507936507936","9b1ed7ffa110af55"
"2025-09-01","2025-08-16","sum","validation","31","{""1"":false,""5"":false,""10"":false,""20"":false}","0.9956516635032951","4.911428644012807","0.00736196319018405","9b1ed7ffa110af55"
"2025-09-01","2025-08-16","ensemble","validation","31","{""1"":false,""5"":false,""10"":false,""20"":true}","0.9856192042265319","4.378126550353764","0.012548846244321976","9b1ed7ffa110af55"
"2025-09-01","2025-08-16","fixed","validation","31","{""1"":false,""5"":false,""10"":false,""20"":false}","0.9899999999999992","4.605170185988091","0.01","9b1ed7ffa110af55"
"2025-09-01","2025-08-16","random1","validation","31","{""1"":false,""5"":true,""10"":true,""20"":true}","0.9899999999999992","4.605170185988091","0.01","9b1ed7ffa110af55"
"2025-09-01","2025-08-16","random2","validation","31","{""1"":false,""5"":false,""10"":false,""20"":false}","0.9899999999999992","4.605170185988091","0.01","9b1ed7ffa110af55"
"2025-09-01","2025-08-16","random3","validation","31","{""1"":false,""5"":false,""10"":false,""20"":false}","0.9899999999999992","4.605170185988091","0.01","9b1ed7ffa110af55"
"2025-09-16","2025-09-01","uniform","validation","58","{""1"":false,""5"":true,""10"":true,""20"":true}","0.9899999999999995","4.605170185988091","0.01","9b1ed7ffa110af55"
"2025-09-16","2025-09-01","frequency","validation","58","{""1"":false,""5"":false,""10"":false,""20"":true}","0.9877305175490789","4.406719247264253","0.012195121951219513","9b1ed7ffa110af55"
"2025-09-16","2025-09-01","recent","validation","58","{""1"":false,""5"":false,""10"":false,""20"":false}","0.9948611111111118","4.787491742782046","0.008333333333333333","9b1ed7ffa110af55"
"2025-09-16","2025-09-01","decay","validation","58","{""1"":false,""5"":false,""10"":false,""20"":false}","0.9933333032787219","4.730818294659124","0.008819251339939754","9b1ed7ffa110af55"
"2025-09-16","2025-09-01","position","validation","58","{""1"":false,""5"":false,""10"":false,""20"":false}","0.9953996748411693","4.80146769663802","0.008217677136596057","9b1ed7ffa110af55"
"2025-09-16","2025-09-01","markov","validation","58","{""1"":false,""5"":false,""10"":false,""20"":false}","1.0038995990553077","5.184588601219694","0.005602240896358543","9b1ed7ffa110af55"
"2025-09-16","2025-09-01","sum","validation","58","{""1"":false,""5"":false,""10"":false,""20"":false}","0.9879883891391179","4.493730624253883","0.011178861788617886","9b1ed7ffa110af55"
"2025-09-16","2025-09-01","ensemble","validation","58","{""1"":false,""5"":false,""10"":false,""20"":false}","0.9896945219033381","4.553474378199537","0.010530553625477819","9b1ed7ffa110af55"
"2025-09-16","2025-09-01","fixed","validation","58","{""1"":false,""5"":false,""10"":false,""20"":false}","0.9899999999999995","4.605170185988091","0.01","9b1ed7ffa110af55"
"2025-09-16","2025-09-01","random1","validation","58","{""1"":false,""5"":false,""10"":false,""20"":false}","0.9899999999999995","4.605170185988091","0.01","9b1ed7ffa110af55"
"2025-09-16","2025-09-01","random2","validation","58","{""1"":false,""5"":false,""10"":false,""20"":false}","0.9899999999999995","4.605170185988091","0.01","9b1ed7ffa110af55"
"2025-09-16","2025-09-01","random3","validation","58","{""1"":false,""5"":false,""10"":false,""20"":false}","0.9899999999999995","4.605170185988091","0.01","9b1ed7ffa110af55"
"2025-10-01","2025-09-16","uniform","validation","77","{""1"":false,""5"":false,""10"":true,""20"":true}","0.9899999999999998","4.605170185988091","0.01","9b1ed7ffa110af55"
"2025-10-01","2025-09-16","frequency","validation","77","{""1"":false,""5"":false,""10"":false,""20"":false}","1.0000367309458222","5.10594547390058","0.006060606060606061","9b1ed7ffa110af55"
"2025-10-01","2025-09-16","recent","validation","77","{""1"":false,""5"":false,""10"":false,""20"":false}","0.9948611111111115","4.787491742782046","0.008333333333333333","9b1ed7ffa110af55"
"2025-10-01","2025-09-16","decay","validation","77","{""1"":false,""5"":false,""10"":false,""20"":false}","0.9951102615779739","4.838430680471781","0.007919472487625737","9b1ed7ffa110af55"
"2025-10-01","2025-09-16","position","validation","77","{""1"":false,""5"":false,""10"":false,""20"":false}","0.9989925925925927","5.051457288616511","0.0064","9b1ed7ffa110af55"
"2025-10-01","2025-09-16","markov","validation","77","{""1"":false,""5"":true,""10"":true,""20"":true}","0.9807256235827662","4.143134726391533","0.015873015873015872","9b1ed7ffa110af55"
"2025-10-01","2025-09-16","sum","validation","77","{""1"":false,""5"":false,""10"":false,""20"":false}","0.9958164327255236","4.923623917106626","0.007272727272727273","9b1ed7ffa110af55"
"2025-10-01","2025-09-16","ensemble","validation","77","{""1"":false,""5"":false,""10"":false,""20"":false}","0.9975995028171728","5.024058314428396","0.006577777777777777","9b1ed7ffa110af55"
"2025-10-01","2025-09-16","fixed","validation","77","{""1"":false,""5"":false,""10"":false,""20"":false}","0.9899999999999998","4.605170185988091","0.01","9b1ed7ffa110af55"
"2025-10-01","2025-09-16","random1","validation","77","{""1"":false,""5"":false,""10"":false,""20"":false}","0.9899999999999998","4.605170185988091","0.01","9b1ed7ffa110af55"
"2025-10-01","2025-09-16","random2","validation","77","{""1"":false,""5"":false,""10"":false,""20"":false}","0.9899999999999998","4.605170185988091","0.01","9b1ed7ffa110af55"
"2025-10-01","2025-09-16","random3","validation","77","{""1"":false,""5"":false,""10"":false,""20"":false}","0.9899999999999998","4.605170185988091","0.01","9b1ed7ffa110af55"
"2025-10-16","2025-10-01","uniform","validation","61","{""1"":false,""5"":false,""10"":false,""20"":false}","0.9899999999999995","4.605170185988091","0.01","9b1ed7ffa110af55"
"2025-10-16","2025-10-01","frequency","validation","61","{""1"":false,""5"":false,""10"":false,""20"":true}","0.9759761939323566","4.013375499688434","0.018072289156626505","9b1ed7ffa110af55"
"2025-10-16","2025-10-01","recent","validation","61","{""1"":false,""5"":false,""10"":false,""20"":false}","0.9948611111111118","4.787491742782046","0.008333333333333333","9b1ed7ffa110af55"
"2025-10-16","2025-10-01","decay","validation","61","{""1"":false,""5"":false,""10"":false,""20"":true}","0.9833540496425288","4.284525095676908","0.013780164227156298","9b1ed7ffa110af55"
"2025-10-16","2025-10-01","position","validation","61","{""1"":false,""5"":true,""10"":true,""20"":true}","0.9666514558283011","3.79393223011708","0.022506925207756233","9b1ed7ffa110af55"
"2025-10-16","2025-10-01","markov","validation","61","{""1"":false,""5"":false,""10"":false,""20"":true}","0.9788444444444442","4.029806041084529","0.017777777777777778","9b1ed7ffa110af55"
"2025-10-16","2025-10-01","sum","validation","61","{""1"":false,""5"":false,""10"":false,""20"":false}","0.9922594854460871","4.706522680248379","0.009036144578313253","9b1ed7ffa110af55"
"2025-10-16","2025-10-01","ensemble","validation","61","{""1"":false,""5"":true,""10"":true,""20"":true}","0.97763765668979","4.102067125750179","0.016538452980898663","9b1ed7ffa110af55"
"2025-10-16","2025-10-01","fixed","validation","61","{""1"":false,""5"":false,""10"":false,""20"":false}","0.9899999999999995","4.605170185988091","0.01","9b1ed7ffa110af55"
"2025-10-16","2025-10-01","random1","validation","61","{""1"":false,""5"":false,""10"":false,""20"":false}","0.9899999999999995","4.605170185988091","0.01","9b1ed7ffa110af55"
"2025-10-16","2025-10-01","random2","validation","61","{""1"":false,""5"":false,""10"":false,""20"":false}","0.9899999999999995","4.605170185988091","0.01","9b1ed7ffa110af55"
"2025-10-16","2025-10-01","random3","validation","61","{""1"":false,""5"":false,""10"":false,""20"":false}","0.9899999999999995","4.605170185988091","0.01","9b1ed7ffa110af55"
"2025-11-01","2025-10-16","uniform","validation","87","{""1"":false,""5"":false,""10"":false,""20"":false}","0.9899999999999999","4.605170185988091","0.01","9b1ed7ffa110af55"
"2025-11-01","2025-10-16","frequency","validation","87","{""1"":false,""5"":false,""10"":false,""20"":false}","0.9882749471117649","4.42484663185681","0.011976047904191617","9b1ed7ffa110af55"
"2025-11-01","2025-10-16","recent","validation","87","{""1"":false,""5"":false,""10"":true,""20"":true}","0.9781944444444446","4.0943445622221","0.016666666666666666","9b1ed7ffa110af55"
"2025-11-01","2025-10-16","decay","validation","87","{""1"":false,""5"":false,""10"":false,""20"":true}","0.9839767638235727","4.3052658544280655","0.01349729674866758","9b1ed7ffa110af55"
"2025-11-01","2025-10-16","position","validation","87","{""1"":false,""5"":false,""10"":false,""20"":false}","0.9954078795060718","4.795790545596741","0.008264462809917356","9b1ed7ffa110af55"
"2025-11-01","2025-10-16","markov","validation","87","{""1"":false,""5"":false,""10"":false,""20"":false}","1.0088253474050501","6.035481432524756","0.0023923444976076554","9b1ed7ffa110af55"
"2025-11-01","2025-10-16","sum","validation","87","{""1"":false,""5"":false,""10"":false,""20"":false}","0.9923563907258198","4.712528704308591","0.008982035928143712","9b1ed7ffa110af55"
"2025-11-01","2025-10-16","ensemble","validation","87","{""1"":false,""5"":false,""10"":false,""20"":false}","0.9913035368634266","4.631427011044189","0.009740848880750894","9b1ed7ffa110af55"
"2025-11-01","2025-10-16","fixed","validation","87","{""1"":false,""5"":false,""10"":false,""20"":false}","0.9899999999999999","4.605170185988091","0.01","9b1ed7ffa110af55"
"2025-11-01","2025-10-16","random1","validation","87","{""1"":false,""5"":false,""10"":false,""20"":false}","0.9899999999999999","4.605170185988091","0.01","9b1ed7ffa110af55"
"2025-11-01","2025-10-16","random2","validation","87","{""1"":false,""5"":false,""10"":false,""20"":false}","0.9899999999999999","4.605170185988091","0.01","9b1ed7ffa110af55"
"2025-11-01","2025-10-16","random3","validation","87","{""1"":false,""5"":true,""10"":true,""20"":true}","0.9899999999999999","4.605170185988091","0.01","9b1ed7ffa110af55"
"2025-11-16","2025-11-01","uniform","validation","37","{""1"":false,""5"":false,""10"":false,""20"":false}","0.9899999999999993","4.605170185988091","0.01","9b1ed7ffa110af55"
"2025-11-16","2025-11-01","frequency","validation","37","{""1"":false,""5"":false,""10"":false,""20"":false}","0.9884495464852603","4.430816798843313","0.011904761904761904","9b1ed7ffa110af55"
"2025-11-16","2025-11-01","recent","validation","37","{""1"":false,""5"":false,""10"":false,""20"":false}","0.9948611111111121","4.787491742782046","0.008333333333333333","9b1ed7ffa110af55"
"2025-11-16","2025-11-01","decay","validation","37","{""1"":false,""5"":false,""10"":false,""20"":false}","0.9890206847732911","4.509889623046519","0.010999674219334047","9b1ed7ffa110af55"
"2025-11-16","2025-11-01","position","validation","37","{""1"":false,""5"":false,""10"":false,""20"":false}","0.9881989642268814","4.436751534363128","0.011834319526627219","9b1ed7ffa110af55"
"2025-11-16","2025-11-01","markov","validation","37","{""1"":false,""5"":false,""10"":false,""20"":false}","1.0068359375","5.545177444479562","0.00390625","9b1ed7ffa110af55"
"2025-11-16","2025-11-01","sum","validation","37","{""1"":false,""5"":false,""10"":false,""20"":false}","0.9865035920122008","4.430816798843313","0.011904761904761904","9b1ed7ffa110af55"
"2025-11-16","2025-11-01","ensemble","validation","37","{""1"":false,""5"":false,""10"":false,""20"":false}","0.9870096769898299","4.432791133147031","0.011881281112050342","9b1ed7ffa110af55"
"2025-11-16","2025-11-01","fixed","validation","37","{""1"":false,""5"":false,""10"":false,""20"":false}","0.9899999999999993","4.605170185988091","0.01","9b1ed7ffa110af55"
"2025-11-16","2025-11-01","random1","validation","37","{""1"":false,""5"":false,""10"":true,""20"":true}","0.9899999999999993","4.605170185988091","0.01","9b1ed7ffa110af55"
"2025-11-16","2025-11-01","random2","validation","37","{""1"":false,""5"":false,""10"":false,""20"":false}","0.9899999999999993","4.605170185988091","0.01","9b1ed7ffa110af55"
"2025-11-16","2025-11-01","random3","validation","37","{""1"":false,""5"":false,""10"":false,""20"":false}","0.9899999999999993","4.605170185988091","0.01","9b1ed7ffa110af55"
"2025-12-01","2025-11-16","uniform","validation","22","{""1"":false,""5"":false,""10"":false,""20"":false}","0.9899999999999991","4.605170185988091","0.01","9b1ed7ffa110af55"
"2025-12-01","2025-11-16","frequency","validation","22","{""1"":false,""5"":false,""10"":false,""20"":false}","1.00045516613564","5.1298987149230735","0.005917159763313609","9b1ed7ffa110af55"
"2025-12-01","2025-11-16","recent","validation","22","{""1"":false,""5"":false,""10"":false,""20"":false}","0.9948611111111124","4.787491742782046","0.008333333333333333","9b1ed7ffa110af55"
"2025-12-01","2025-11-16","decay","validation","22","{""1"":false,""5"":false,""10"":false,""20"":false}","0.9952382386549429","4.84158911193831","0.007894498836066749","9b1ed7ffa110af55"
"2025-12-01","2025-11-16","position","validation","22","{""1"":false,""5"":false,""10"":false,""20"":false}","0.9984405937435661","5.001226086650675","0.006729690754686749","9b1ed7ffa110af55"
"2025-12-01","2025-11-16","markov","validation","22","{""1"":false,""5"":false,""10"":false,""20"":false}","1.0018796189499763","5.030437921392435","0.0065359477124183","9b1ed7ffa110af55"
"2025-12-01","2025-11-16","sum","validation","22","{""1"":false,""5"":false,""10"":false,""20"":false}","0.9937673222948595","4.7934264783018605","0.008284023668639054","9b1ed7ffa110af55"
"2025-12-01","2025-11-16","ensemble","validation","22","{""1"":false,""5"":false,""10"":false,""20"":false}","0.9968349160481479","4.965142264905488","0.006976958062213138","9b1ed7ffa110af55"
"2025-12-01","2025-11-16","fixed","validation","22","{""1"":false,""5"":false,""10"":false,""20"":false}","0.9899999999999991","4.605170185988091","0.01","9b1ed7ffa110af55"
"2025-12-01","2025-11-16","random1","validation","22","{""1"":false,""5"":false,""10"":false,""20"":false}","0.9899999999999991","4.605170185988091","0.01","9b1ed7ffa110af55"
"2025-12-01","2025-11-16","random2","validation","22","{""1"":false,""5"":false,""10"":false,""20"":false}","0.9899999999999991","4.605170185988091","0.01","9b1ed7ffa110af55"
"2025-12-01","2025-11-16","random3","validation","22","{""1"":false,""5"":false,""10"":false,""20"":false}","0.9899999999999991","4.605170185988091","0.01","9b1ed7ffa110af55"
"2025-12-16","2025-12-01","uniform","validation","52","{""1"":false,""5"":false,""10"":false,""20"":false}","0.9899999999999994","4.605170185988091","0.01","9b1ed7ffa110af55"
"2025-12-16","2025-12-01","frequency","validation","52","{""1"":false,""5"":false,""10"":false,""20"":false}","1.000484429065745","5.135798437050262","0.0058823529411764705","9b1ed7ffa110af55"
"2025-12-16","2025-12-01","recent","validation","52","{""1"":false,""5"":false,""10"":false,""20"":false}","0.9948611111111119","4.787491742782046","0.008333333333333333","9b1ed7ffa110af55"
"2025-12-16","2025-12-01","decay","validation","52","{""1"":false,""5"":false,""10"":false,""20"":false}","0.9952090078625772","4.842311240067429","0.007888800054264894","9b1ed7ffa110af55"
"2025-12-16","2025-12-01","position","validation","52","{""1"":false,""5"":false,""10"":false,""20"":false}","0.9899121093749996","4.515558027298404","0.0109375","9b1ed7ffa110af55"
"2025-12-16","2025-12-01","markov","validation","52","{""1"":false,""5"":false,""10"":false,""20"":true}","0.9814236111111108","4.0943445622221","0.016666666666666666","9b1ed7ffa110af55"
"2025-12-16","2025-12-01","sum","validation","52","{""1"":false,""5"":false,""10"":false,""20"":false}","0.9912002938430277","4.650290621268561","0.009558823529411765","9b1ed7ffa110af55"
"2025-12-16","2025-12-01","ensemble","validation","52","{""1"":false,""5"":false,""10"":false,""20"":false}","0.9931707895729777","4.733811593318422","0.008792892156862745","9b1ed7ffa110af55"
"2025-12-16","2025-12-01","fixed","validation","52","{""1"":false,""5"":false,""10"":false,""20"":false}","0.9899999999999994","4.605170185988091","0.01","9b1ed7ffa110af55"
"2025-12-16","2025-12-01","random1","validation","52","{""1"":false,""5"":false,""10"":false,""20"":false}","0.9899999999999994","4.605170185988091","0.01","9b1ed7ffa110af55"
"2025-12-16","2025-12-01","random2","validation","52","{""1"":false,""5"":false,""10"":false,""20"":false}","0.9899999999999994","4.605170185988091","0.01","9b1ed7ffa110af55"
"2025-12-16","2025-12-01","random3","validation","52","{""1"":false,""5"":false,""10"":false,""20"":false}","0.9899999999999994","4.605170185988091","0.01","9b1ed7ffa110af55"
"2026-01-02","2025-12-16","uniform","validation","16","{""1"":false,""5"":false,""10"":false,""20"":false}","0.9899999999999991","4.605170185988091","0.01","9b1ed7ffa110af55"
"2026-01-02","2025-12-16","frequency","validation","16","{""1"":false,""5"":false,""10"":false,""20"":false}","0.9888170719195638","4.448516375942715","0.011695906432748537","9b1ed7ffa110af55"
"2026-01-02","2025-12-16","recent","validation","16","{""1"":false,""5"":false,""10"":false,""20"":false}","0.9947222222222237","4.787491742782046","0.008333333333333333","9b1ed7ffa110af55"
"2026-01-02","2025-12-16","decay","validation","16","{""1"":false,""5"":false,""10"":false,""20"":false}","0.993069765002889","4.717282041150829","0.008939442596271833","9b1ed7ffa110af55"
"2026-01-02","2025-12-16","position","validation","16","{""1"":false,""5"":false,""10"":false,""20"":false}","1.0008324211268034","5.2053793708887675","0.0054869684499314125","9b1ed7ffa110af55"
"2026-01-02","2025-12-16","markov","validation","16","{""1"":false,""5"":false,""10"":false,""20"":false}","0.9992641966759003","5.0238805208462765","0.006578947368421052","9b1ed7ffa110af55"
"2026-01-02","2025-12-16","sum","validation","16","{""1"":false,""5"":false,""10"":false,""20"":false}","0.989845199961134","4.582047768567238","0.01023391812865497","9b1ed7ffa110af55"
"2026-01-02","2025-12-16","ensemble","validation","16","{""1"":false,""5"":false,""10"":false,""20"":false}","0.9924771018351732","4.695211858367326","0.009138931003778307","9b1ed7ffa110af55"
"2026-01-02","2025-12-16","fixed","validation","16","{""1"":false,""5"":false,""10"":false,""20"":true}","0.9899999999999991","4.605170185988091","0.01","9b1ed7ffa110af55"
"2026-01-02","2025-12-16","random1","validation","16","{""1"":false,""5"":false,""10"":false,""20"":false}","0.9899999999999991","4.605170185988091","0.01","9b1ed7ffa110af55"
"2026-01-02","2025-12-16","random2","validation","16","{""1"":false,""5"":false,""10"":false,""20"":false}","0.9899999999999991","4.605170185988091","0.01","9b1ed7ffa110af55"
"2026-01-02","2025-12-16","random3","validation","16","{""1"":false,""5"":false,""10"":true,""20"":true}","0.9899999999999991","4.605170185988091","0.01","9b1ed7ffa110af55"
"2026-01-17","2026-01-02","uniform","holdout","02","{""1"":false,""5"":false,""10"":false,""20"":true}","0.9899999999999989","4.605170185988091","0.01","9b1ed7ffa110af55"
"2026-01-17","2026-01-02","frequency","holdout","02","{""1"":false,""5"":false,""10"":false,""20"":false}","1.000608436992966","5.147494476813453","0.005813953488372093","9b1ed7ffa110af55"
"2026-01-17","2026-01-02","recent","holdout","02","{""1"":false,""5"":false,""10"":false,""20"":false}","0.9947222222222238","4.787491742782046","0.008333333333333333","9b1ed7ffa110af55"
"2026-01-17","2026-01-02","decay","holdout","02","{""1"":false,""5"":false,""10"":false,""20"":false}","0.9951732421305111","4.84368110552811","0.007878000857956105","9b1ed7ffa110af55"
"2026-01-17","2026-01-02","position","holdout","02","{""1"":false,""5"":false,""10"":false,""20"":false}","0.9974063623922903","4.942237483620615","0.007138607971445568","9b1ed7ffa110af55"
"2026-01-17","2026-01-02","markov","holdout","02","{""1"":false,""5"":false,""10"":false,""20"":false}","0.9959456497918026","4.762173934797756","0.008547008547008548","9b1ed7ffa110af55"
"2026-01-17","2026-01-02","sum","holdout","02","{""1"":false,""5"":false,""10"":false,""20"":false}","0.9948121222754482","4.859812404361672","0.007751937984496124","9b1ed7ffa110af55"
"2026-01-17","2026-01-02","ensemble","holdout","02","{""1"":false,""5"":false,""10"":false,""20"":false}","0.9969245847811249","4.976016526539552","0.006901499814771262","9b1ed7ffa110af55"
"2026-01-17","2026-01-02","fixed","holdout","02","{""1"":false,""5"":true,""10"":true,""20"":true}","0.9899999999999989","4.605170185988091","0.01","9b1ed7ffa110af55"
"2026-01-17","2026-01-02","random1","holdout","02","{""1"":false,""5"":false,""10"":false,""20"":false}","0.9899999999999989","4.605170185988091","0.01","9b1ed7ffa110af55"
"2026-01-17","2026-01-02","random2","holdout","02","{""1"":false,""5"":false,""10"":false,""20"":false}","0.9899999999999989","4.605170185988091","0.01","9b1ed7ffa110af55"
"2026-01-17","2026-01-02","random3","holdout","02","{""1"":false,""5"":false,""10"":false,""20"":false}","0.9899999999999989","4.605170185988091","0.01","9b1ed7ffa110af55"
"2026-02-01","2026-01-17","uniform","holdout","48","{""1"":false,""5"":false,""10"":false,""20"":false}","0.9899999999999994","4.605170185988091","0.01","9b1ed7ffa110af55"
"2026-02-01","2026-01-17","frequency","holdout","48","{""1"":false,""5"":false,""10"":false,""20"":false}","1.0006348357780068","5.153291594497779","0.005780346820809248","9b1ed7ffa110af55"
"2026-02-01","2026-01-17","recent","holdout","48","{""1"":false,""5"":false,""10"":false,""20"":false}","0.9947222222222231","4.787491742782046","0.008333333333333333","9b1ed7ffa110af55"
"2026-02-01","2026-01-17","decay","holdout","48","{""1"":false,""5"":false,""10"":false,""20"":false}","0.9951492269767117","4.844330587347446","0.007872885900841776","9b1ed7ffa110af55"
"2026-02-01","2026-01-17","position","holdout","48","{""1"":false,""5"":false,""10"":false,""20"":false}","0.9994000419863145","5.100011597309828","0.006096675860066772","9b1ed7ffa110af55"
"2026-02-01","2026-01-17","markov","holdout","48","{""1"":false,""5"":false,""10"":false,""20"":true}","0.9823298731257213","4.154969184038536","0.01568627450980392","9b1ed7ffa110af55"
"2026-02-01","2026-01-17","sum","holdout","48","{""1"":false,""5"":false,""10"":false,""20"":false}","0.9970850987548836","5.0197602018732566","0.006606110652353427","9b1ed7ffa110af55"
"2026-02-01","2026-01-17","ensemble","holdout","48","{""1"":false,""5"":false,""10"":false,""20"":false}","0.9983763354216642","5.089508963145206","0.0061610444444098154","9b1ed7ffa110af55"
"2026-02-01","2026-01-17","fixed","holdout","48","{""1"":false,""5"":false,""10"":false,""20"":false}","0.9899999999999994","4.605170185988091","0.01","9b1ed7ffa110af55"
"2026-02-01","2026-01-17","random1","holdout","48","{""1"":false,""5"":false,""10"":false,""20"":false}","0.9899999999999994","4.605170185988091","0.01","9b1ed7ffa110af55"
"2026-02-01","2026-01-17","random2","holdout","48","{""1"":false,""5"":false,""10"":false,""20"":true}","0.9899999999999994","4.605170185988091","0.01","9b1ed7ffa110af55"
"2026-02-01","2026-01-17","random3","holdout","48","{""1"":false,""5"":false,""10"":false,""20"":false}","0.9899999999999994","4.605170185988091","0.01","9b1ed7ffa110af55"
"2026-02-16","2026-02-01","uniform","holdout","07","{""1"":false,""5"":false,""10"":false,""20"":false}","0.989999999999999","4.605170185988091","0.01","9b1ed7ffa110af55"
"2026-02-16","2026-02-01","frequency","holdout","07","{""1"":false,""5"":false,""10"":false,""20"":false}","1.0006605892456053","5.159055299214529","0.005747126436781609","9b1ed7ffa110af55"
"2026-02-16","2026-02-01","recent","holdout","07","{""1"":false,""5"":false,""10"":false,""20"":false}","0.9947222222222237","4.787491742782046","0.008333333333333333","9b1ed7ffa110af55"
"2026-02-16","2026-02-01","decay","holdout","07","{""1"":false,""5"":false,""10"":false,""20"":false}","0.9951270879823784","4.844957545167848","0.007867951480455469","9b1ed7ffa110af55"
"2026-02-16","2026-02-01","position","holdout","07","{""1"":false,""5"":false,""10"":false,""20"":false}","0.9936159412744694","4.718498871295095","0.008928571428571428","9b1ed7ffa110af55"
"2026-02-16","2026-02-01","markov","holdout","07","{""1"":false,""5"":false,""10"":false,""20"":false}","0.9890624999999993","4.382026634673881","0.0125","9b1ed7ffa110af55"
"2026-02-16","2026-02-01","sum","holdout","07","{""1"":false,""5"":false,""10"":false,""20"":false}","0.9887077904443138","4.530446639792155","0.010775862068965518","9b1ed7ffa110af55"
"2026-02-16","2026-02-01","ensemble","holdout","07","{""1"":false,""5"":false,""10"":false,""20"":false}","0.9936880338153611","4.769590532452806","0.008483853311439518","9b1ed7ffa110af55"
"2026-02-16","2026-02-01","fixed","holdout","07","{""1"":false,""5"":false,""10"":true,""20"":true}","0.989999999999999","4.605170185988091","0.01","9b1ed7ffa110af55"
"2026-02-16","2026-02-01","random1","holdout","07","{""1"":false,""5"":false,""10"":false,""20"":false}","0.989999999999999","4.605170185988091","0.01","9b1ed7ffa110af55"
"2026-02-16","2026-02-01","random2","holdout","07","{""1"":false,""5"":false,""10"":false,""20"":false}","0.989999999999999","4.605170185988091","0.01","9b1ed7ffa110af55"
"2026-02-16","2026-02-01","random3","holdout","07","{""1"":false,""5"":false,""10"":false,""20"":false}","0.989999999999999","4.605170185988091","0.01","9b1ed7ffa110af55"
"2026-03-01","2026-02-16","uniform","holdout","06","{""1"":false,""5"":false,""10"":false,""20"":false}","0.989999999999999","4.605170185988091","0.01","9b1ed7ffa110af55"
"2026-03-01","2026-02-16","frequency","holdout","06","{""1"":false,""5"":false,""10"":false,""20"":true}","0.9778285714285704","4.0661736852554045","0.017142857142857144","9b1ed7ffa110af55"
"2026-03-01","2026-02-16","recent","holdout","06","{""1"":false,""5"":true,""10"":true,""20"":true}","0.9613888888888903","3.6888794541139363","0.025","9b1ed7ffa110af55"
"2026-03-01","2026-02-16","decay","holdout","06","{""1"":false,""5"":true,""10"":true,""20"":true}","0.9779337662920023","4.107451003916165","0.016449651228405384","9b1ed7ffa110af55"
"2026-03-01","2026-02-16","position","holdout","06","{""1"":false,""5"":false,""10"":false,""20"":false}","0.9892937871912447","4.503275878306751","0.011072664359861591","9b1ed7ffa110af55"
"2026-03-01","2026-02-16","markov","holdout","06","{""1"":false,""5"":false,""10"":false,""20"":false}","1.0084876543209853","5.662960480135946","0.003472222222222222","9b1ed7ffa110af55"
"2026-03-01","2026-02-16","sum","holdout","06","{""1"":false,""5"":false,""10"":false,""20"":false}","0.9890446388079044","4.545746765517291","0.010612244897959184","9b1ed7ffa110af55"
"2026-03-01","2026-02-16","ensemble","holdout","06","{""1"":false,""5"":false,""10"":false,""20"":true}","0.9847604946623729","4.347231948077819","0.012942588800225974","9b1ed7ffa110af55"
"2026-03-01","2026-02-16","fixed","holdout","06","{""1"":false,""5"":false,""10"":true,""20"":true}","0.989999999999999","4.605170185988091","0.01","9b1ed7ffa110af55"
"2026-03-01","2026-02-16","random1","holdout","06","{""1"":false,""5"":false,""10"":false,""20"":false}","0.989999999999999","4.605170185988091","0.01","9b1ed7ffa110af55"
"2026-03-01","2026-02-16","random2","holdout","06","{""1"":false,""5"":false,""10"":false,""20"":true}","0.989999999999999","4.605170185988091","0.01","9b1ed7ffa110af55"
"2026-03-01","2026-02-16","random3","holdout","06","{""1"":false,""5"":false,""10"":false,""20"":false}","0.989999999999999","4.605170185988091","0.01","9b1ed7ffa110af55"
"2026-03-16","2026-03-01","uniform","holdout","64","{""1"":false,""5"":false,""10"":false,""20"":false}","0.9899999999999995","4.605170185988091","0.01","9b1ed7ffa110af55"
"2026-03-16","2026-03-01","frequency","holdout","64","{""1"":false,""5"":false,""10"":false,""20"":false}","1.0008393595041314","5.170483995038151","0.005681818181818182","9b1ed7ffa110af55"
"2026-03-16","2026-03-01","recent","holdout","64","{""1"":false,""5"":false,""10"":false,""20"":false}","0.9947222222222227","4.787491742782046","0.008333333333333333","9b1ed7ffa110af55"
"2026-03-16","2026-03-01","decay","holdout","64","{""1"":false,""5"":false,""10"":false,""20"":false}","0.9952181767190925","4.846147037965124","0.007858598172789026","9b1ed7ffa110af55"
"2026-03-16","2026-03-01","position","holdout","64","{""1"":false,""5"":false,""10"":false,""20"":false}","0.9965854257091888","4.901361407274544","0.007436452136289887","9b1ed7ffa110af55"
"2026-03-16","2026-03-01","markov","holdout","64","{""1"":false,""5"":false,""10"":false,""20"":false}","1.000699709572602","5.084505142662711","0.006191950464396284","9b1ed7ffa110af55"
"2026-03-16","2026-03-01","sum","holdout","64","{""1"":false,""5"":true,""10"":true,""20"":true}","0.9862873868555688","4.42326959320793","0.011994949494949496","9b1ed7ffa110af55"
"2026-03-16","2026-03-01","ensemble","holdout","64","{""1"":false,""5"":false,""10"":false,""20"":false}","0.9939189556827783","4.782973174383597","0.008371073271019188","9b1ed7ffa110af55"
"2026-03-16","2026-03-01","fixed","holdout","64","{""1"":false,""5"":false,""10"":false,""20"":false}","0.9899999999999995","4.605170185988091","0.01","9b1ed7ffa110af55"
"2026-03-16","2026-03-01","random1","holdout","64","{""1"":false,""5"":false,""10"":true,""20"":true}","0.9899999999999995","4.605170185988091","0.01","9b1ed7ffa110af55"
"2026-03-16","2026-03-01","random2","holdout","64","{""1"":false,""5"":false,""10"":false,""20"":false}","0.9899999999999995","4.605170185988091","0.01","9b1ed7ffa110af55"
"2026-03-16","2026-03-01","random3","holdout","64","{""1"":false,""5"":false,""10"":true,""20"":true}","0.9899999999999995","4.605170185988091","0.01","9b1ed7ffa110af55"
"2026-04-01","2026-03-16","uniform","holdout","47","{""1"":false,""5"":false,""10"":false,""20"":false}","0.9899999999999994","4.605170185988091","0.01","9b1ed7ffa110af55"
"2026-04-01","2026-03-16","frequency","holdout","47","{""1"":false,""5"":false,""10"":false,""20"":false}","0.9895623862874653","4.483002552013884","0.011299435028248588","9b1ed7ffa110af55"
"2026-04-01","2026-03-16","recent","holdout","47","{""1"":false,""5"":false,""10"":false,""20"":false}","0.9945833333333343","4.787491742782046","0.008333333333333333","9b1ed7ffa110af55"
"2026-04-01","2026-03-16","decay","holdout","47","{""1"":false,""5"":false,""10"":false,""20"":false}","0.9940244846917813","4.775018104980696","0.00843793131748497","9b1ed7ffa110af55"
"2026-04-01","2026-03-16","position","holdout","47","{""1"":false,""5"":false,""10"":false,""20"":false}","0.9902807239848667","4.549789602635286","0.010569427929713304","9b1ed7ffa110af55"
"2026-04-01","2026-03-16","markov","holdout","47","{""1"":false,""5"":false,""10"":true,""20"":true}","0.969489795918368","3.8430301339411947","0.021428571428571425","9b1ed7ffa110af55"
"2026-04-01","2026-03-16","sum","holdout","47","{""1"":false,""5"":false,""10"":false,""20"":false}","0.993350650824557","4.770684624465665","0.00847457627118644","9b1ed7ffa110af55"
"2026-04-01","2026-03-16","ensemble","holdout","47","{""1"":false,""5"":false,""10"":false,""20"":false}","0.9904255076296019","4.593787243886948","0.010114479743049444","9b1ed7ffa110af55"
"2026-04-01","2026-03-16","fixed","holdout","47","{""1"":false,""5"":false,""10"":false,""20"":false}","0.9899999999999994","4.605170185988091","0.01","9b1ed7ffa110af55"
"2026-04-01","2026-03-16","random1","holdout","47","{""1"":false,""5"":false,""10"":false,""20"":true}","0.9899999999999994","4.605170185988091","0.01","9b1ed7ffa110af55"
"2026-04-01","2026-03-16","random2","holdout","47","{""1"":false,""5"":false,""10"":false,""20"":false}","0.9899999999999994","4.605170185988091","0.01","9b1ed7ffa110af55"
"2026-04-01","2026-03-16","random3","holdout","47","{""1"":false,""5"":false,""10"":true,""20"":true}","0.9899999999999994","4.605170185988091","0.01","9b1ed7ffa110af55"
"2026-04-16","2026-04-01","uniform","holdout","77","{""1"":false,""5"":false,""10"":true,""20"":true}","0.9899999999999998","4.605170185988091","0.01","9b1ed7ffa110af55"
"2026-04-16","2026-04-01","frequency","holdout","77","{""1"":false,""5"":false,""10"":false,""20"":false}","0.9897108950890032","4.48863636973214","0.011235955056179775","9b1ed7ffa110af55"
"2026-04-16","2026-04-01","recent","holdout","77","{""1"":false,""5"":true,""10"":true,""20"":true}","0.9779166666666669","4.0943445622221","0.016666666666666666","9b1ed7ffa110af55"
"2026-04-16","2026-04-01","decay","holdout","77","{""1"":false,""5"":false,""10"":false,""20"":true}","0.9848186919874885","4.340586227761271","0.01302888806834273","9b1ed7ffa110af55"
"2026-04-16","2026-04-01","position","holdout","77","{""1"":false,""5"":false,""10"":false,""20"":false}","0.9915404381317876","4.610868207102729","0.009943181818181818","9b1ed7ffa110af55"
"2026-04-16","2026-04-01","markov","holdout","77","{""1"":false,""5"":false,""10"":false,""20"":false}","0.9888334020262821","4.391357962102766","0.012383900928792569","9b1ed7ffa110af55"
"2026-04-16","2026-04-01","sum","holdout","77","{""1"":false,""5"":false,""10"":false,""20"":false}","0.9945526934630262","4.845311313670872","0.007865168539325843","9b1ed7ffa110af55"
"2026-04-16","2026-04-01","ensemble","holdout","77","{""1"":false,""5"":false,""10"":false,""20"":false}","0.9912887821706536","4.637545130635702","0.009681435137895811","9b1ed7ffa110af55"
"2026-04-16","2026-04-01","fixed","holdout","77","{""1"":false,""5"":false,""10"":false,""20"":false}","0.9899999999999998","4.605170185988091","0.01","9b1ed7ffa110af55"
"2026-04-16","2026-04-01","random1","holdout","77","{""1"":false,""5"":false,""10"":false,""20"":false}","0.9899999999999998","4.605170185988091","0.01","9b1ed7ffa110af55"
"2026-04-16","2026-04-01","random2","holdout","77","{""1"":false,""5"":false,""10"":false,""20"":false}","0.9899999999999998","4.605170185988091","0.01","9b1ed7ffa110af55"
"2026-04-16","2026-04-01","random3","holdout","77","{""1"":false,""5"":false,""10"":false,""20"":false}","0.9899999999999998","4.605170185988091","0.01","9b1ed7ffa110af55"
"2026-05-02","2026-04-16","uniform","holdout","43","{""1"":false,""5"":false,""10"":false,""20"":false}","0.9899999999999993","4.605170185988091","0.01","9b1ed7ffa110af55"
"2026-05-02","2026-04-16","frequency","holdout","43","{""1"":false,""5"":false,""10"":false,""20"":false}","0.9898567460441303","4.4942386252808095","0.0111731843575419","9b1ed7ffa110af55"
"2026-05-02","2026-04-16","recent","holdout","43","{""1"":false,""5"":false,""10"":false,""20"":false}","0.9945833333333343","4.787491742782046","0.008333333333333333","9b1ed7ffa110af55"
"2026-05-02","2026-04-16","decay","holdout","43","{""1"":false,""5"":false,""10"":false,""20"":false}","0.9926440707032607","4.695113006516998","0.00913983444867092","9b1ed7ffa110af55"
"2026-05-02","2026-04-16","position","holdout","43","{""1"":false,""5"":false,""10"":false,""20"":false}","0.9977918703923884","4.988288692900006","0.00681732104532256","9b1ed7ffa110af55"
"2026-05-02","2026-04-16","markov","holdout","43","{""1"":false,""5"":false,""10"":false,""20"":false}","1.0087499999999976","5.768320995793772","0.003125","9b1ed7ffa110af55"
"2026-05-02","2026-04-16","sum","holdout","43","{""1"":false,""5"":false,""10"":false,""20"":false}","0.9879157186006218","4.4942386252808095","0.0111731843575419","9b1ed7ffa110af55"
"2026-05-02","2026-04-16","ensemble","holdout","43","{""1"":false,""5"":false,""10"":false,""20"":false}","0.9912036405523722","4.633443133521307","0.009721229920135454","9b1ed7ffa110af55"
"2026-05-02","2026-04-16","fixed","holdout","43","{""1"":false,""5"":false,""10"":false,""20"":false}","0.9899999999999993","4.605170185988091","0.01","9b1ed7ffa110af55"
"2026-05-02","2026-04-16","random1","holdout","43","{""1"":false,""5"":false,""10"":false,""20"":true}","0.9899999999999993","4.605170185988091","0.01","9b1ed7ffa110af55"
"2026-05-02","2026-04-16","random2","holdout","43","{""1"":false,""5"":false,""10"":false,""20"":false}","0.9899999999999993","4.605170185988091","0.01","9b1ed7ffa110af55"
"2026-05-02","2026-04-16","random3","holdout","43","{""1"":false,""5"":false,""10"":false,""20"":false}","0.9899999999999993","4.605170185988091","0.01","9b1ed7ffa110af55"
"2026-05-16","2026-05-02","uniform","holdout","08","{""1"":false,""5"":false,""10"":false,""20"":true}","0.989999999999999","4.605170185988091","0.01","9b1ed7ffa110af55"
"2026-05-16","2026-05-02","frequency","holdout","08","{""1"":false,""5"":false,""10"":false,""20"":false}","1.001111111111112","5.19295685089021","0.005555555555555556","9b1ed7ffa110af55"
"2026-05-16","2026-05-02","recent","holdout","08","{""1"":false,""5"":false,""10"":false,""20"":false}","0.9945833333333348","4.787491742782046","0.008333333333333333","9b1ed7ffa110af55"
"2026-05-16","2026-05-02","decay","holdout","08","{""1"":false,""5"":false,""10"":false,""20"":false}","0.9952252898425872","4.848288816932746","0.007841784804194389","9b1ed7ffa110af55"
"2026-05-16","2026-05-02","position","holdout","08","{""1"":false,""5"":false,""10"":false,""20"":false}","0.9957903978052124","4.8564846142689975","0.007777777777777778","9b1ed7ffa110af55"
"2026-05-16","2026-05-02","markov","holdout","08","{""1"":false,""5"":false,""10"":false,""20"":false}","1.0003017832647478","4.90527477843843","0.007407407407407407","9b1ed7ffa110af55"
"2026-05-16","2026-05-02","sum","holdout","08","{""1"":false,""5"":false,""10"":false,""20"":false}","0.9917571771506962","4.68213122712422","0.009259259259259259","9b1ed7ffa110af55"
"2026-05-16","2026-05-02","ensemble","holdout","08","{""1"":false,""5"":false,""10"":false,""20"":false}","0.9955745779534189","4.888745476487219","0.007530864197530865","9b1ed7ffa110af55"
"2026-05-16","2026-05-02","fixed","holdout","08","{""1"":false,""5"":false,""10"":true,""20"":true}","0.989999999999999","4.605170185988091","0.01","9b1ed7ffa110af55"
"2026-05-16","2026-05-02","random1","holdout","08","{""1"":false,""5"":false,""10"":false,""20"":false}","0.989999999999999","4.605170185988091","0.01","9b1ed7ffa110af55"
"2026-05-16","2026-05-02","random2","holdout","08","{""1"":false,""5"":false,""10"":false,""20"":false}","0.989999999999999","4.605170185988091","0.01","9b1ed7ffa110af55"
"2026-05-16","2026-05-02","random3","holdout","08","{""1"":false,""5"":false,""10"":false,""20"":false}","0.989999999999999","4.605170185988091","0.01","9b1ed7ffa110af55"
"2026-06-01","2026-05-16","uniform","holdout","95","{""1"":false,""5"":false,""10"":false,""20"":false}","0.9899999999999999","4.605170185988091","0.01","9b1ed7ffa110af55"
"2026-06-01","2026-05-16","frequency","holdout","95","{""1"":false,""5"":false,""10"":false,""20"":false}","1.0011293916547113","5.198497031265826","0.0055248618784530384","9b1ed7ffa110af55"
"2026-06-01","2026-05-16","recent","holdout","95","{""1"":false,""5"":false,""10"":false,""20"":false}","0.9945833333333335","4.787491742782046","0.008333333333333333","9b1ed7ffa110af55"
"2026-06-01","2026-05-16","decay","holdout","95","{""1"":false,""5"":false,""10"":false,""20"":false}","0.9951994340968261","4.8487788084175705","0.00783794333763431","9b1ed7ffa110af55"
"2026-06-01","2026-05-16","position","holdout","95","{""1"":false,""5"":false,""10"":false,""20"":false}","1.000420284599214","5.215056523263381","0.005434126313247192","9b1ed7ffa110af55"
"2026-06-01","2026-05-16","markov","holdout","95","{""1"":false,""5"":false,""10"":false,""20"":false}","1.0016878858024694","4.969813299576001","0.006944444444444444","9b1ed7ffa110af55"
"2026-06-01","2026-05-16","sum","holdout","95","{""1"":false,""5"":false,""10"":false,""20"":false}","0.9925880462784098","4.72849340202009","0.00883977900552486","9b1ed7ffa110af55"
"2026-06-01","2026-05-16","ensemble","holdout","95","{""1"":false,""5"":false,""10"":false,""20"":false}","0.9974158094069564","5.020747894654574","0.006599589065741697","9b1ed7ffa110af55"
"2026-06-01","2026-05-16","fixed","holdout","95","{""1"":false,""5"":false,""10"":false,""20"":false}","0.9899999999999999","4.605170185988091","0.01","9b1ed7ffa110af55"
"2026-06-01","2026-05-16","random1","holdout","95","{""1"":false,""5"":false,""10"":false,""20"":false}","0.9899999999999999","4.605170185988091","0.01","9b1ed7ffa110af55"
"2026-06-01","2026-05-16","random2","holdout","95","{""1"":false,""5"":false,""10"":false,""20"":false}","0.9899999999999999","4.605170185988091","0.01","9b1ed7ffa110af55"
"2026-06-01","2026-05-16","random3","holdout","95","{""1"":false,""5"":false,""10"":false,""20"":false}","0.9899999999999999","4.605170185988091","0.01","9b1ed7ffa110af55"
"2026-06-16","2026-06-01","uniform","holdout","48","{""1"":false,""5"":false,""10"":false,""20"":false}","0.9899999999999994","4.605170185988091","0.01","9b1ed7ffa110af55"
"2026-06-16","2026-06-01","frequency","holdout","48","{""1"":false,""5"":false,""10"":false,""20"":false}","0.9901581934548961","4.51085950651685","0.01098901098901099","9b1ed7ffa110af55"
"2026-06-16","2026-06-01","recent","holdout","48","{""1"":false,""5"":false,""10"":false,""20"":true}","0.9779166666666673","4.0943445622221","0.016666666666666666","9b1ed7ffa110af55"
"2026-06-16","2026-06-01","decay","holdout","48","{""1"":false,""5"":false,""10"":false,""20"":true}","0.9833010312691285","4.285155697608587","0.01377147716830171","9b1ed7ffa110af55"
"2026-06-16","2026-06-01","position","holdout","48","{""1"":false,""5"":false,""10"":false,""20"":false}","0.9922754126450382","4.661550519424199","0.00945179584120983","9b1ed7ffa110af55"
"2026-06-16","2026-06-01","markov","holdout","48","{""1"":false,""5"":false,""10"":false,""20"":false}","0.9984882842025689","4.836281906951478","0.007936507936507936","9b1ed7ffa110af55"
"2026-06-16","2026-06-01","sum","holdout","48","{""1"":false,""5"":false,""10"":false,""20"":false}","0.996128999641558","4.9526922587958895","0.0070643642072213495","9b1ed7ffa110af55"
"2026-06-16","2026-06-01","ensemble","holdout","48","{""1"":false,""5"":false,""10"":false,""20"":false}","0.9922497929027804","4.691993542929429","0.009168390345814056","9b1ed7ffa110af55"
"2026-06-16","2026-06-01","fixed","holdout","48","{""1"":false,""5"":false,""10"":false,""20"":false}","0.9899999999999994","4.605170185988091","0.01","9b1ed7ffa110af55"
"2026-06-16","2026-06-01","random1","holdout","48","{""1"":false,""5"":false,""10"":false,""20"":false}","0.9899999999999994","4.605170185988091","0.01","9b1ed7ffa110af55"
"2026-06-16","2026-06-01","random2","holdout","48","{""1"":false,""5"":true,""10"":true,""20"":true}","0.9899999999999994","4.605170185988091","0.01","9b1ed7ffa110af55"
"2026-06-16","2026-06-01","random3","holdout","48","{""1"":false,""5"":false,""10"":false,""20"":false}","0.9899999999999994","4.605170185988091","0.01","9b1ed7ffa110af55"
"2026-07-01","2026-06-16","uniform","holdout","62","{""1"":false,""5"":false,""10"":false,""20"":false}","0.9899999999999995","4.605170185988091","0.01","9b1ed7ffa110af55"
"2026-07-01","2026-06-16","frequency","holdout","62","{""1"":false,""5"":false,""10"":false,""20"":false}","0.9902953208516234","4.516338972281476","0.01092896174863388","9b1ed7ffa110af55"
"2026-07-01","2026-06-16","recent","holdout","62","{""1"":false,""5"":false,""10"":false,""20"":false}","0.9947222222222227","4.787491742782046","0.008333333333333333","9b1ed7ffa110af55"
"2026-07-01","2026-06-16","decay","holdout","62","{""1"":false,""5"":false,""10"":false,""20"":false}","0.9938100694846707","4.7621508228718215","0.008547206087119808","9b1ed7ffa110af55"
"2026-07-01","2026-06-16","position","holdout","62","{""1"":false,""5"":false,""10"":false,""20"":false}","0.9861920162476404","4.383067759182293","0.012486992715920915","9b1ed7ffa110af55"
"2026-07-01","2026-06-16","markov","holdout","62","{""1"":false,""5"":false,""10"":false,""20"":false}","0.9966739832644808","4.679040034554546","0.009287925696594427","9b1ed7ffa110af55"
"2026-07-01","2026-06-16","sum","holdout","62","{""1"":false,""5"":false,""10"":false,""20"":false}","0.9907977127765717","4.634122007937859","0.009714632665452338","9b1ed7ffa110af55"
"2026-07-01","2026-06-16","ensemble","holdout","62","{""1"":false,""5"":false,""10"":false,""20"":false}","0.9884883137716306","4.505910629491034","0.011043529043335712","9b1ed7ffa110af55"
"2026-07-01","2026-06-16","fixed","holdout","62","{""1"":false,""5"":false,""10"":false,""20"":false}","0.9899999999999995","4.605170185988091","0.01","9b1ed7ffa110af55"
"2026-07-01","2026-06-16","random1","holdout","62","{""1"":false,""5"":false,""10"":true,""20"":true}","0.9899999999999995","4.605170185988091","0.01","9b1ed7ffa110af55"
"2026-07-01","2026-06-16","random2","holdout","62","{""1"":false,""5"":false,""10"":false,""20"":false}","0.9899999999999995","4.605170185988091","0.01","9b1ed7ffa110af55"
"2026-07-01","2026-06-16","random3","holdout","62","{""1"":false,""5"":false,""10"":false,""20"":false}","0.9899999999999995","4.605170185988091","0.01","9b1ed7ffa110af55"
"2026-07-16","2026-07-01","uniform","holdout","71","{""1"":false,""5"":false,""10"":false,""20"":false}","0.9899999999999997","4.605170185988091","0.01","9b1ed7ffa110af55"
"2026-07-16","2026-07-01","frequency","holdout","71","{""1"":false,""5"":false,""10"":false,""20"":false}","0.9904300567107751","4.5217885770490405","0.010869565217391304","9b1ed7ffa110af55"
"2026-07-16","2026-07-01","recent","holdout","71","{""1"":false,""5"":false,""10"":false,""20"":false}","0.9947222222222226","4.787491742782046","0.008333333333333333","9b1ed7ffa110af55"
"2026-07-16","2026-07-01","decay","holdout","71","{""1"":false,""5"":false,""10"":false,""20"":false}","0.9941035613431446","4.780816065356702","0.008389150078549786","9b1ed7ffa110af55"
"2026-07-16","2026-07-01","position","holdout","71","{""1"":false,""5"":false,""10"":false,""20"":false}","0.9858695681131617","4.3680906932449135","0.012675418741511995","9b1ed7ffa110af55"
"2026-07-16","2026-07-01","markov","holdout","71","{""1"":false,""5"":false,""10"":false,""20"":false}","1.0029814394893766","5.241747015059643","0.005291005291005291","9b1ed7ffa110af55"
"2026-07-16","2026-07-01","sum","holdout","71","{""1"":false,""5"":false,""10"":false,""20"":false}","0.9896930182359641","4.578946990888989","0.010265700483091786","9b1ed7ffa110af55"
"2026-07-16","2026-07-01","ensemble","holdout","71","{""1"":false,""5"":false,""10"":false,""20"":false}","0.9880491043485429","4.485590707361468","0.011270228147331696","9b1ed7ffa110af55"
"2026-07-16","2026-07-01","fixed","holdout","71","{""1"":false,""5"":false,""10"":false,""20"":false}","0.9899999999999997","4.605170185988091","0.01","9b1ed7ffa110af55"
"2026-07-16","2026-07-01","random1","holdout","71","{""1"":true,""5"":true,""10"":true,""20"":true}","0.9899999999999997","4.605170185988091","0.01","9b1ed7ffa110af55"
"2026-07-16","2026-07-01","random2","holdout","71","{""1"":false,""5"":false,""10"":false,""20"":false}","0.9899999999999997","4.605170185988091","0.01","9b1ed7ffa110af55"
"2026-07-16","2026-07-01","random3","holdout","71","{""1"":false,""5"":false,""10"":false,""20"":false}","0.9899999999999997","4.605170185988091","0.01","9b1ed7ffa110af55"
"2026-08-01","2026-07-16","uniform","holdout","69","{""1"":false,""5"":false,""10"":false,""20"":false}","0.9899999999999997","4.605170185988091","0.01","9b1ed7ffa110af55"
"2026-08-01","2026-07-16","frequency","holdout","69","{""1"":false,""5"":false,""10"":false,""20"":false}","1.001373265157048","5.220355825078324","0.005405405405405406","9b1ed7ffa110af55"
"2026-08-01","2026-07-16","recent","holdout","69","{""1"":false,""5"":false,""10"":false,""20"":false}","0.9947222222222227","4.787491742782046","0.008333333333333333","9b1ed7ffa110af55"
"2026-08-01","2026-07-16","decay","holdout","69","{""1"":false,""5"":false,""10"":false,""20"":false}","0.9952106203780818","4.850575399205189","0.007823874402683742","9b1ed7ffa110af55"
"2026-08-01","2026-07-16","position","holdout","69","{""1"":false,""5"":false,""10"":false,""20"":true}","0.9824799993861308","4.240219332745499","0.014404432132963989","9b1ed7ffa110af55"
"2026-08-01","2026-07-16","markov","holdout","69","{""1"":false,""5"":false,""10"":true,""20"":true}","0.967929304491729","3.7714829826491463","0.023017902813299233","9b1ed7ffa110af55"
"2026-08-01","2026-07-16","sum","holdout","69","{""1"":false,""5"":false,""10"":false,""20"":false}","0.9913088919034865","4.660740037142902","0.00945945945945946","9b1ed7ffa110af55"
"2026-08-01","2026-07-16","ensemble","holdout","69","{""1"":false,""5"":false,""10"":false,""20"":false}","0.9910953980631438","4.629828485074692","0.009756432332609618","9b1ed7ffa110af55"
"2026-08-01","2026-07-16","fixed","holdout","69","{""1"":false,""5"":false,""10"":false,""20"":false}","0.9899999999999997","4.605170185988091","0.01","9b1ed7ffa110af55"
"2026-08-01","2026-07-16","random1","holdout","69","{""1"":false,""5"":true,""10"":true,""20"":true}","0.9899999999999997","4.605170185988091","0.01","9b1ed7ffa110af55"
"2026-08-01","2026-07-16","random2","holdout","69","{""1"":false,""5"":false,""10"":false,""20"":false}","0.9899999999999997","4.605170185988091","0.01","9b1ed7ffa110af55"
"2026-08-01","2026-07-16","random3","holdout","69","{""1"":false,""5"":false,""10"":false,""20"":false}","0.9899999999999997","4.605170185988091","0.01","9b1ed7ffa110af55"
"2026-08-16","2026-08-01","uniform","holdout","53","{""1"":false,""5"":false,""10"":false,""20"":false}","0.9899999999999994","4.605170185988091","0.01","9b1ed7ffa110af55"
"2026-08-16","2026-08-01","frequency","holdout","53","{""1"":false,""5"":false,""10"":false,""20"":false}","1.0013874436351025","5.225746673713201","0.005376344086021506","9b1ed7ffa110af55"
"2026-08-16","2026-08-01","recent","holdout","53","{""1"":false,""5"":false,""10"":false,""20"":false}","0.9945833333333342","4.787491742782046","0.008333333333333333","9b1ed7ffa110af55"
"2026-08-16","2026-08-01","decay","holdout","53","{""1"":false,""5"":false,""10"":false,""20"":false}","0.9951865978703689","4.850986506435193","0.007820658612412759","9b1ed7ffa110af55"
"2026-08-16","2026-08-01","position","holdout","53","{""1"":false,""5"":false,""10"":false,""20"":false}","0.9946653578016494","4.784890961081989","0.008355034722222222","9b1ed7ffa110af55"
"2026-08-16","2026-08-01","markov","holdout","53","{""1"":false,""5"":false,""10"":false,""20"":false}","1.004338270643986","5.342334251964811","0.004784688995215311","9b1ed7ffa110af55"
"2026-08-16","2026-08-01","sum","holdout","53","{""1"":false,""5"":false,""10"":false,""20"":false}","0.9887211476875024","4.532599493153256","0.01075268817204301","9b1ed7ffa110af55"
"2026-08-16","2026-08-01","ensemble","holdout","53","{""1"":false,""5"":false,""10"":false,""20"":false}","0.9943033196380101","4.808344988989347","0.00816135566009558","9b1ed7ffa110af55"
"2026-08-16","2026-08-01","fixed","holdout","53","{""1"":false,""5"":false,""10"":false,""20"":false}","0.9899999999999994","4.605170185988091","0.01","9b1ed7ffa110af55"
"2026-08-16","2026-08-01","random1","holdout","53","{""1"":true,""5"":true,""10"":true,""20"":true}","0.9899999999999994","4.605170185988091","0.01","9b1ed7ffa110af55"
"2026-08-16","2026-08-01","random2","holdout","53","{""1"":false,""5"":false,""10"":false,""20"":true}","0.9899999999999994","4.605170185988091","0.01","9b1ed7ffa110af55"
"2026-08-16","2026-08-01","random3","holdout","53","{""1"":false,""5"":false,""10"":false,""20"":false}","0.9899999999999994","4.605170185988091","0.01","9b1ed7ffa110af55"
"2026-09-01","2026-08-16","uniform","holdout","04","{""1"":false,""5"":false,""10"":false,""20"":false}","0.9899999999999989","4.605170185988091","0.01","9b1ed7ffa110af55"
"2026-09-01","2026-08-16","frequency","holdout","04","{""1"":false,""5"":false,""10"":false,""20"":false}","1.0014012410992597","5.231108616854587","0.0053475935828877","9b1ed7ffa110af55"
"2026-09-01","2026-08-16","recent","holdout","04","{""1"":false,""5"":false,""10"":false,""20"":false}","0.9945833333333349","4.787491742782046","0.008333333333333333","9b1ed7ffa110af55"
"2026-09-01","2026-08-16","decay","holdout","04","{""1"":false,""5"":false,""10"":false,""20"":false}","0.9951643518778266","4.851383449436583","0.007817554872754921","9b1ed7ffa110af55"
"2026-09-01","2026-08-16","position","holdout","04","{""1"":false,""5"":false,""10"":false,""20"":false}","0.9985866258193152","5.055077394784665","0.006376873206504411","9b1ed7ffa110af55"
"2026-09-01","2026-08-16","markov","holdout","04","{""1"":false,""5"":false,""10"":false,""20"":false}","0.9887499999999988","4.382026634673881","0.0125","9b1ed7ffa110af55"
"2026-09-01","2026-08-16","sum","holdout","04","{""1"":false,""5"":false,""10"":false,""20"":false}","0.993122706869168","4.761104987608851","0.008556149732620321","9b1ed7ffa110af55"
"2026-09-01","2026-08-16","ensemble","holdout","04","{""1"":false,""5"":false,""10"":false,""20"":false}","0.9970953374249834","4.996701988895641","0.006760205507337477","9b1ed7ffa110af55"
"2026-09-01","2026-08-16","fixed","holdout","04","{""1"":false,""5"":true,""10"":true,""20"":true}","0.9899999999999989","4.605170185988091","0.01","9b1ed7ffa110af55"
"2026-09-01","2026-08-16","random1","holdout","04","{""1"":false,""5"":false,""10"":false,""20"":false}","0.9899999999999989","4.605170185988091","0.01","9b1ed7ffa110af55"
"2026-09-01","2026-08-16","random2","holdout","04","{""1"":false,""5"":false,""10"":true,""20"":true}","0.9899999999999989","4.605170185988091","0.01","9b1ed7ffa110af55"
"2026-09-01","2026-08-16","random3","holdout","04","{""1"":false,""5"":false,""10"":true,""20"":true}","0.9899999999999989","4.605170185988091","0.01","9b1ed7ffa110af55"
"2026-09-16","2026-09-01","uniform","holdout","64","{""1"":false,""5"":false,""10"":false,""20"":false}","0.9899999999999995","4.605170185988091","0.01","9b1ed7ffa110af55"
"2026-09-16","2026-09-01","frequency","holdout","64","{""1"":false,""5"":false,""10"":false,""20"":false}","0.9907763693979165","4.543294782270004","0.010638297872340425","9b1ed7ffa110af55"
"2026-09-16","2026-09-01","recent","holdout","64","{""1"":false,""5"":false,""10"":true,""20"":true}","0.9779166666666671","4.0943445622221","0.016666666666666666","9b1ed7ffa110af55"
"2026-09-16","2026-09-01","decay","holdout","64","{""1"":false,""5"":false,""10"":false,""20"":true}","0.9844687531583662","4.331176846598557","0.013152060421344218","9b1ed7ffa110af55"
"2026-09-16","2026-09-01","position","holdout","64","{""1"":false,""5"":false,""10"":false,""20"":false}","0.9908492938437942","4.584967478670572","0.01020408163265306","9b1ed7ffa110af55"
"2026-09-16","2026-09-01","markov","holdout","64","{""1"":false,""5"":false,""10"":false,""20"":false}","1.000258541089566","4.959341999708705","0.007017543859649122","9b1ed7ffa110af55"
"2026-09-16","2026-09-01","sum","holdout","64","{""1"":false,""5"":true,""10"":true,""20"":true}","0.9865819483067105","4.437934266612178","0.01182033096926714","9b1ed7ffa110af55"
"2026-09-16","2026-09-01","ensemble","holdout","64","{""1"":false,""5"":false,""10"":false,""20"":false}","0.988811440468919","4.5201334929127395","0.010887570158086876","9b1ed7ffa110af55"
"2026-09-16","2026-09-01","fixed","holdout","64","{""1"":false,""5"":false,""10"":false,""20"":false}","0.9899999999999995","4.605170185988091","0.01","9b1ed7ffa110af55"
"2026-09-16","2026-09-01","random1","holdout","64","{""1"":false,""5"":false,""10"":false,""20"":false}","0.9899999999999995","4.605170185988091","0.01","9b1ed7ffa110af55"
"2026-09-16","2026-09-01","random2","holdout","64","{""1"":false,""5"":false,""10"":false,""20"":false}","0.9899999999999995","4.605170185988091","0.01","9b1ed7ffa110af55"
"2026-09-16","2026-09-01","random3","holdout","64","{""1"":false,""5"":false,""10"":false,""20"":true}","0.9899999999999995","4.605170185988091","0.01","9b1ed7ffa110af55"
"2026-10-01","2026-09-16","uniform","holdout","70","{""1"":false,""5"":false,""10"":false,""20"":false}","0.9899999999999997","4.605170185988091","0.01","9b1ed7ffa110af55"
"2026-10-01","2026-09-16","frequency","holdout","70","{""1"":false,""5"":false,""10"":false,""20"":false}","1.0014837210604404","5.241747015059643","0.005291005291005291","9b1ed7ffa110af55"
"2026-10-01","2026-09-16","recent","holdout","70","{""1"":false,""5"":false,""10"":false,""20"":false}","0.9947222222222227","4.787491742782046","0.008333333333333333","9b1ed7ffa110af55"
"2026-10-01","2026-09-16","decay","holdout","70","{""1"":false,""5"":false,""10"":false,""20"":false}","0.9952052104556817","4.852136798594879","0.007811667742182461","9b1ed7ffa110af55"
"2026-10-01","2026-09-16","position","holdout","70","{""1"":false,""5"":false,""10"":false,""20"":false}","0.9947522476176015","4.795790545596741","0.008264462809917356","9b1ed7ffa110af55"
"2026-10-01","2026-09-16","markov","holdout","70","{""1"":false,""5"":false,""10"":false,""20"":false}","1.0017574432892244","5.214935757608986","0.005434782608695652","9b1ed7ffa110af55"
"2026-10-01","2026-09-16","sum","holdout","70","{""1"":false,""5"":false,""10"":false,""20"":true}","0.9877554797475855","4.487975212683263","0.011243386243386243","9b1ed7ffa110af55"
"2026-10-01","2026-09-16","ensemble","holdout","70","{""1"":false,""5"":false,""10"":false,""20"":false}","0.9940675436464592","4.795570111340365","0.008266284781436296","9b1ed7ffa110af55"
"2026-10-01","2026-09-16","fixed","holdout","70","{""1"":false,""5"":false,""10"":false,""20"":false}","0.9899999999999997","4.605170185988091","0.01","9b1ed7ffa110af55"
"2026-10-01","2026-09-16","random1","holdout","70","{""1"":false,""5"":false,""10"":false,""20"":false}","0.9899999999999997","4.605170185988091","0.01","9b1ed7ffa110af55"
"2026-10-01","2026-09-16","random2","holdout","70","{""1"":false,""5"":false,""10"":false,""20"":false}","0.9899999999999997","4.605170185988091","0.01","9b1ed7ffa110af55"
"2026-10-01","2026-09-16","random3","holdout","70","{""1"":false,""5"":false,""10"":false,""20"":false}","0.9899999999999997","4.605170185988091","0.01","9b1ed7ffa110af55"