"id","name","definition","type","implementation","status","version","target","input","parameters","assumptions","limitations","test"
"01","ความถี่ทั้งชุด","c_all(x)/n_all","D/E","implemented","experimental","1.0","last2/top2/top3/first3OfFirst; descriptive multi-prize","history strictly before cutoff","alpha=1; window=20; seed=42 where applicable","Independent draws; no predictive advantage established","Small samples; exploratory historical analysis","See tests and reproducible backtest; no validated method"
"02","ความถี่ 5 งวด","c_5(x)/n_5","D/E","planned","experimental","1.0","last2/top2/top3/first3OfFirst; descriptive multi-prize","history strictly before cutoff","alpha=1; window=20; seed=42 where applicable","Independent draws; no predictive advantage established","Small samples; exploratory historical analysis","See tests and reproducible backtest; no validated method"
"03","ความถี่ 10 งวด","c_10(x)/n_10","D/E","planned","experimental","1.0","last2/top2/top3/first3OfFirst; descriptive multi-prize","history strictly before cutoff","alpha=1; window=20; seed=42 where applicable","Independent draws; no predictive advantage established","Small samples; exploratory historical analysis","See tests and reproducible backtest; no validated method"
"04","ความถี่ 20 งวด","c_20(x)/n_20","D/E","implemented","experimental","1.0","last2/top2/top3/first3OfFirst; descriptive multi-prize","history strictly before cutoff","alpha=1; window=20; seed=42 where applicable","Independent draws; no predictive advantage established","Small samples; exploratory historical analysis","See tests and reproducible backtest; no validated method"
"05","ความถี่ 30 งวด","c_30(x)/n_30","D/E","planned","experimental","1.0","last2/top2/top3/first3OfFirst; descriptive multi-prize","history strictly before cutoff","alpha=1; window=20; seed=42 where applicable","Independent draws; no predictive advantage established","Small samples; exploratory historical analysis","See tests and reproducible backtest; no validated method"
"06","ความถี่ 50 งวด","c_50(x)/n_50","D/E","planned","experimental","1.0","last2/top2/top3/first3OfFirst; descriptive multi-prize","history strictly before cutoff","alpha=1; window=20; seed=42 where applicable","Independent draws; no predictive advantage established","Small samples; exploratory historical analysis","See tests and reproducible backtest; no validated method"
"07","ความถี่ 100 งวด","c_100(x)/n_100","D/E","planned","experimental","1.0","last2/top2/top3/first3OfFirst; descriptive multi-prize","history strictly before cutoff","alpha=1; window=20; seed=42 where applicable","Independent draws; no predictive advantage established","Small samples; exploratory historical analysis","See tests and reproducible backtest; no validated method"
"08","ความถี่ถ่วงเวลา","ผลรวม exp(-lambda*อายุงวด) ของเลข x หารน้ำหนักทั้งหมด","E","implemented","experimental","1.0","last2/top2/top3/first3OfFirst; descriptive multi-prize","history strictly before cutoff","alpha=1; window=20; seed=42 where applicable","Independent draws; no predictive advantage established","Small samples; exploratory historical analysis","See tests and reproducible backtest; no validated method"
"09","ความถี่ปรับเรียบ","Dirichlet smoothing ตาม p_W","E","implemented","experimental","1.0","last2/top2/top3/first3OfFirst; descriptive multi-prize","history strictly before cutoff","alpha=1; window=20; seed=42 where applicable","Independent draws; no predictive advantage established","Small samples; exploratory historical analysis","See tests and reproducible backtest; no validated method"
"10","ความถี่หลักร้อย","นับ 0–9 เฉพาะหลักร้อย","D/E","implemented","experimental","1.0","last2/top2/top3/first3OfFirst; descriptive multi-prize","history strictly before cutoff","alpha=1; window=20; seed=42 where applicable","Independent draws; no predictive advantage established","Small samples; exploratory historical analysis","See tests and reproducible backtest; no validated method"
"11","ความถี่หลักสิบ","นับ 0–9 เฉพาะหลักสิบ","D/E","implemented","experimental","1.0","last2/top2/top3/first3OfFirst; descriptive multi-prize","history strictly before cutoff","alpha=1; window=20; seed=42 where applicable","Independent draws; no predictive advantage established","Small samples; exploratory historical analysis","See tests and reproducible backtest; no validated method"
"12","ความถี่หลักหน่วย","นับ 0–9 เฉพาะหลักหน่วย","D/E","implemented","experimental","1.0","last2/top2/top3/first3OfFirst; descriptive multi-prize","history strictly before cutoff","alpha=1; window=20; seed=42 where applicable","Independent draws; no predictive advantage established","Small samples; exploratory historical analysis","See tests and reproducible backtest; no validated method"
"13","ความถี่ทุกหลัก","นับ occurrences หารจำนวนตำแหน่งทั้งหมด; ไม่ใช้ N งวดเป็น denominator","D","implemented","descriptive","1.0","last2/top2/top3/first3OfFirst; descriptive multi-prize","history strictly before cutoff","alpha=1; window=20; seed=42 where applicable","Independent draws; no predictive advantage established","Small samples; exploratory historical analysis","See tests and reproducible backtest; no validated method"
"14","คู่ร้อย–สิบ","นับ ordered pair เฉพาะสองตำแหน่ง","D/E","planned","experimental","1.0","last2/top2/top3/first3OfFirst; descriptive multi-prize","history strictly before cutoff","alpha=1; window=20; seed=42 where applicable","Independent draws; no predictive advantage established","Small samples; exploratory historical analysis","See tests and reproducible backtest; no validated method"
"15","คู่สิบ–หน่วย","นับ ordered pair เฉพาะสองตำแหน่ง","D/E","planned","experimental","1.0","last2/top2/top3/first3OfFirst; descriptive multi-prize","history strictly before cutoff","alpha=1; window=20; seed=42 where applicable","Independent draws; no predictive advantage established","Small samples; exploratory historical analysis","See tests and reproducible backtest; no validated method"
"16","แบบจำลองแยกรายหลัก","คูณ probability แต่ละหลักภายใต้สมมติฐานอิสระระหว่างหลัก","E","implemented","experimental","1.0","last2/top2/top3/first3OfFirst; descriptive multi-prize","history strictly before cutoff","alpha=1; window=20; seed=42 where applicable","Independent draws; no predictive advantage established","Small samples; exploratory historical analysis","See tests and reproducible backtest; no validated method"
"17","เลขกลับ","reverse(x); แสดงแยกเลขเดิม/กลับและผลรวมที่ไม่ซ้ำ","D/E","planned","experimental","1.0","last2/top2/top3/first3OfFirst; descriptive multi-prize","history strictly before cutoff","alpha=1; window=20; seed=42 where applicable","Independent draws; no predictive advantage established","Small samples; exploratory historical analysis","See tests and reproducible backtest; no validated method"
"18","เลขเบิ้ลสองหลัก","ตัวเลขทั้งสองเท่ากัน","D","implemented","descriptive","1.0","last2/top2/top3/first3OfFirst; descriptive multi-prize","history strictly before cutoff","alpha=1; window=20; seed=42 where applicable","Independent draws; no predictive advantage established","Small samples; exploratory historical analysis","See tests and reproducible backtest; no validated method"
"19","เลขตอง","ทั้งสามหลักเท่ากัน","D","implemented","descriptive","1.0","last2/top2/top3/first3OfFirst; descriptive multi-prize","history strictly before cutoff","alpha=1; window=20; seed=42 where applicable","Independent draws; no predictive advantage established","Small samples; exploratory historical analysis","See tests and reproducible backtest; no validated method"
"20","เลขหาม","สำหรับสามหลัก a=b ที่ตำแหน่งแรก/ท้าย และกลางต่าง","D","implemented","descriptive","1.0","last2/top2/top3/first3OfFirst; descriptive multi-prize","history strictly before cutoff","alpha=1; window=20; seed=42 where applicable","Independent draws; no predictive advantage established","Small samples; exploratory historical analysis","See tests and reproducible backtest; no validated method"
"21","สามหลักซ้ำสองตำแหน่ง","มีเลขต่างกันสองชนิดและชนิดหนึ่งซ้ำสองครั้ง","D","implemented","descriptive","1.0","last2/top2/top3/first3OfFirst; descriptive multi-prize","history strictly before cutoff","alpha=1; window=20; seed=42 where applicable","Independent draws; no predictive advantage established","Small samples; exploratory historical analysis","See tests and reproducible backtest; no validated method"
"22","สามหลักไม่ซ้ำ","มี digit distinct สามตัว","D","implemented","descriptive","1.0","last2/top2/top3/first3OfFirst; descriptive multi-prize","history strictly before cutoff","alpha=1; window=20; seed=42 where applicable","Independent draws; no predictive advantage established","Small samples; exploratory historical analysis","See tests and reproducible backtest; no validated method"
"23","เรียงขึ้นติดกัน","b=a+1,c=b+1 ไม่มี wrap 9→0","D","implemented","descriptive","1.0","last2/top2/top3/first3OfFirst; descriptive multi-prize","history strictly before cutoff","alpha=1; window=20; seed=42 where applicable","Independent draws; no predictive advantage established","Small samples; exploratory historical analysis","See tests and reproducible backtest; no validated method"
"24","เรียงลงติดกัน","b=a-1,c=b-1 ไม่มี wrap 0→9","D","implemented","descriptive","1.0","last2/top2/top3/first3OfFirst; descriptive multi-prize","history strictly before cutoff","alpha=1; window=20; seed=42 where applicable","Independent draws; no predictive advantage established","Small samples; exploratory historical analysis","See tests and reproducible backtest; no validated method"
"25","คู่ติดกัน","มีคู่ตำแหน่งใดที่ผลต่างสัมบูรณ์เท่ากับ 1","D","implemented","descriptive","1.0","last2/top2/top3/first3OfFirst; descriptive multi-prize","history strictly before cutoff","alpha=1; window=20; seed=42 where applicable","Independent draws; no predictive advantage established","Small samples; exploratory historical analysis","See tests and reproducible backtest; no validated method"
"26","ผลรวมสองหลัก","a+b","D/E","implemented","experimental","1.0","last2/top2/top3/first3OfFirst; descriptive multi-prize","history strictly before cutoff","alpha=1; window=20; seed=42 where applicable","Independent draws; no predictive advantage established","Small samples; exploratory historical analysis","See tests and reproducible backtest; no validated method"
"27","ผลรวมสามหลัก","a+b+c","D/E","implemented","experimental","1.0","last2/top2/top3/first3OfFirst; descriptive multi-prize","history strictly before cutoff","alpha=1; window=20; seed=42 where applicable","Independent draws; no predictive advantage established","Small samples; exploratory historical analysis","See tests and reproducible backtest; no validated method"
"28","Digital root","รวมซ้ำจนเหลือหลักเดียว; 000 ให้ 0","D","implemented","descriptive","1.0","last2/top2/top3/first3OfFirst; descriptive multi-prize","history strictly before cutoff","alpha=1; window=20; seed=42 where applicable","Independent draws; no predictive advantage established","Small samples; exploratory historical analysis","See tests and reproducible backtest; no validated method"
"29","ผลต่างสองหลัก","abs(a-b)","D/E","implemented","experimental","1.0","last2/top2/top3/first3OfFirst; descriptive multi-prize","history strictly before cutoff","alpha=1; window=20; seed=42 where applicable","Independent draws; no predictive advantage established","Small samples; exploratory historical analysis","See tests and reproducible backtest; no validated method"
"30","ช่วงกว้างตัวเลข","max(digits)-min(digits)","D","implemented","descriptive","1.0","last2/top2/top3/first3OfFirst; descriptive multi-prize","history strictly before cutoff","alpha=1; window=20; seed=42 where applicable","Independent draws; no predictive advantage established","Small samples; exploratory historical analysis","See tests and reproducible backtest; no validated method"
"31","ผลคูณตัวเลข","product(digits), รวมกรณีมี 0","D","implemented","descriptive","1.0","last2/top2/top3/first3OfFirst; descriptive multi-prize","history strictly before cutoff","alpha=1; window=20; seed=42 where applicable","Independent draws; no predictive advantage established","Small samples; exploratory historical analysis","See tests and reproducible backtest; no validated method"
"32","ผลรวม mod 3","sum(digits)%3","D","implemented","descriptive","1.0","last2/top2/top3/first3OfFirst; descriptive multi-prize","history strictly before cutoff","alpha=1; window=20; seed=42 where applicable","Independent draws; no predictive advantage established","Small samples; exploratory historical analysis","See tests and reproducible backtest; no validated method"
"33","ผลรวม mod 9","sum(digits)%9; ต่างจาก digital root","D","implemented","descriptive","1.0","last2/top2/top3/first3OfFirst; descriptive multi-prize","history strictly before cutoff","alpha=1; window=20; seed=42 where applicable","Independent draws; no predictive advantage established","Small samples; exploratory historical analysis","See tests and reproducible backtest; no validated method"
"34","แบบคู่คี่","เวกเตอร์ parity ตามตำแหน่ง","D/E","implemented","experimental","1.0","last2/top2/top3/first3OfFirst; descriptive multi-prize","history strictly before cutoff","alpha=1; window=20; seed=42 where applicable","Independent draws; no predictive advantage established","Small samples; exploratory historical analysis","See tests and reproducible backtest; no validated method"
"35","แบบสูงต่ำ","0–4 ต่ำ,5–9 สูง ตามตำแหน่ง","D/E","implemented","experimental","1.0","last2/top2/top3/first3OfFirst; descriptive multi-prize","history strictly before cutoff","alpha=1; window=20; seed=42 where applicable","Independent draws; no predictive advantage established","Small samples; exploratory historical analysis","See tests and reproducible backtest; no validated method"
"36","จำนวนเลขคู่","count(digit%2==0)","D","implemented","descriptive","1.0","last2/top2/top3/first3OfFirst; descriptive multi-prize","history strictly before cutoff","alpha=1; window=20; seed=42 where applicable","Independent draws; no predictive advantage established","Small samples; exploratory historical analysis","See tests and reproducible backtest; no validated method"
"37","จำนวนเลขสูง","count(digit>=5)","D","implemented","descriptive","1.0","last2/top2/top3/first3OfFirst; descriptive multi-prize","history strictly before cutoff","alpha=1; window=20; seed=42 where applicable","Independent draws; no predictive advantage established","Small samples; exploratory historical analysis","See tests and reproducible backtest; no validated method"
"38","มีเลขศูนย์","indicator(any digit==0)","D","implemented","descriptive","1.0","last2/top2/top3/first3OfFirst; descriptive multi-prize","history strictly before cutoff","alpha=1; window=20; seed=42 where applicable","Independent draws; no predictive advantage established","Small samples; exploratory historical analysis","See tests and reproducible backtest; no validated method"
"39","กลุ่มสลับตำแหน่ง","เรียง digits เป็น key; รวม permutation ที่ไม่ซ้ำ","D/E","implemented","experimental","1.0","last2/top2/top3/first3OfFirst; descriptive multi-prize","history strictly before cutoff","alpha=1; window=20; seed=42 where applicable","Independent draws; no predictive advantage established","Small samples; exploratory historical analysis","See tests and reproducible backtest; no validated method"
"40","จำนวนชนิด digit","size(set(digits))","D","implemented","descriptive","1.0","last2/top2/top3/first3OfFirst; descriptive multi-prize","history strictly before cutoff","alpha=1; window=20; seed=42 where applicable","Independent draws; no predictive advantage established","Small samples; exploratory historical analysis","See tests and reproducible backtest; no validated method"
"41","ขาดปัจจุบัน","g(x); never-seen เป็น censored","D/E","implemented","experimental","1.0","last2/top2/top3/first3OfFirst; descriptive multi-prize","history strictly before cutoff","alpha=1; window=20; seed=42 where applicable","Independent draws; no predictive advantage established","Small samples; exploratory historical analysis","See tests and reproducible backtest; no validated method"
"42","ช่องว่างเฉลี่ย","mean ระยะระหว่าง occurrences ที่สังเกตครบ","D","implemented","descriptive","1.0","last2/top2/top3/first3OfFirst; descriptive multi-prize","history strictly before cutoff","alpha=1; window=20; seed=42 where applicable","Independent draws; no predictive advantage established","Small samples; exploratory historical analysis","See tests and reproducible backtest; no validated method"
"43","ช่องว่างมัธยฐาน","median ระยะระหว่าง occurrences","D","implemented","descriptive","1.0","last2/top2/top3/first3OfFirst; descriptive multi-prize","history strictly before cutoff","alpha=1; window=20; seed=42 where applicable","Independent draws; no predictive advantage established","Small samples; exploratory historical analysis","See tests and reproducible backtest; no validated method"
"44","ส่วนเบี่ยงเบนช่องว่าง","std ระยะ; ไม่คำนวณถ้าตัวอย่างไม่พอ","D","implemented","descriptive","1.0","last2/top2/top3/first3OfFirst; descriptive multi-prize","history strictly before cutoff","alpha=1; window=20; seed=42 where applicable","Independent draws; no predictive advantage established","Small samples; exploratory historical analysis","See tests and reproducible backtest; no validated method"
"45","ช่องว่างสูงสุด","max ของ completed intervals","D","implemented","descriptive","1.0","last2/top2/top3/first3OfFirst; descriptive multi-prize","history strictly before cutoff","alpha=1; window=20; seed=42 where applicable","Independent draws; no predictive advantage established","Small samples; exploratory historical analysis","See tests and reproducible backtest; no validated method"
"46","Overdue ratio","current gap/mean completed gap; NA เมื่อฐานไม่พอ","E","implemented","experimental","1.0","last2/top2/top3/first3OfFirst; descriptive multi-prize","history strictly before cutoff","alpha=1; window=20; seed=42 where applicable","Independent draws; no predictive advantage established","Small samples; exploratory historical analysis","See tests and reproducible backtest; no validated method"
"47","Gap percentile","ตำแหน่ง current gap เทียบ completed gaps พร้อมคำเตือน censoring","D","implemented","descriptive","1.0","last2/top2/top3/first3OfFirst; descriptive multi-prize","history strictly before cutoff","alpha=1; window=20; seed=42 where applicable","Independent draws; no predictive advantage established","Small samples; exploratory historical analysis","See tests and reproducible backtest; no validated method"
"48","ไม่ปรากฏใน W","indicator(c_W(x)==0) ไม่ตีความว่าใกล้ออก","D/E","planned","experimental","1.0","last2/top2/top3/first3OfFirst; descriptive multi-prize","history strictly before cutoff","alpha=1; window=20; seed=42 where applicable","Independent draws; no predictive advantage established","Small samples; exploratory historical analysis","See tests and reproducible backtest; no validated method"
"49","ซ้ำผลเดิม","indicator(x==y_previous)","D/E","planned","experimental","1.0","last2/top2/top3/first3OfFirst; descriptive multi-prize","history strictly before cutoff","alpha=1; window=20; seed=42 where applicable","Independent draws; no predictive advantage established","Small samples; exploratory historical analysis","See tests and reproducible backtest; no validated method"
"50","เลขร่วมงวดก่อน","ขนาด intersection ของชุด digits; ไม่ใช่ multiset","D/E","planned","experimental","1.0","last2/top2/top3/first3OfFirst; descriptive multi-prize","history strictly before cutoff","alpha=1; window=20; seed=42 where applicable","Independent draws; no predictive advantage established","Small samples; exploratory historical analysis","See tests and reproducible backtest; no validated method"
"51","ระยะเชิงตัวเลข","abs(int(x)-int(y_previous)); ไม่มี wrap","D","planned","descriptive","1.0","last2/top2/top3/first3OfFirst; descriptive multi-prize","history strictly before cutoff","alpha=1; window=20; seed=42 where applicable","Independent draws; no predictive advantage established","Small samples; exploratory historical analysis","See tests and reproducible backtest; no validated method"
"52","ใกล้รายหลัก","ผลรวม abs(digit_x-digit_previous)","D/E","planned","experimental","1.0","last2/top2/top3/first3OfFirst; descriptive multi-prize","history strictly before cutoff","alpha=1; window=20; seed=42 where applicable","Independent draws; no predictive advantage established","Small samples; exploratory historical analysis","See tests and reproducible backtest; no validated method"
"53","Momentum","p_10(x)-p_50(x)","E","planned","experimental","1.0","last2/top2/top3/first3OfFirst; descriptive multi-prize","history strictly before cutoff","alpha=1; window=20; seed=42 where applicable","Independent draws; no predictive advantage established","Small samples; exploratory historical analysis","See tests and reproducible backtest; no validated method"
"54","Acceleration","momentum ล่าสุดลบ momentum ที่ cutoff ก่อนหน้า","E","planned","experimental","1.0","last2/top2/top3/first3OfFirst; descriptive multi-prize","history strictly before cutoff","alpha=1; window=20; seed=42 where applicable","Independent draws; no predictive advantage established","Small samples; exploratory historical analysis","See tests and reproducible backtest; no validated method"
"55","กลับจากผลก่อน","indicator(x==reverse(y_previous))","D/E","planned","experimental","1.0","last2/top2/top3/first3OfFirst; descriptive multi-prize","history strictly before cutoff","alpha=1; window=20; seed=42 where applicable","Independent draws; no predictive advantage established","Small samples; exploratory historical analysis","See tests and reproducible backtest; no validated method"
"56","หน่วย Markov","P(unit_t=b given unit_previous=a), smooth แถว","E","implemented","experimental","1.0","last2/top2/top3/first3OfFirst; descriptive multi-prize","history strictly before cutoff","alpha=1; window=20; seed=42 where applicable","Independent draws; no predictive advantage established","Small samples; exploratory historical analysis","See tests and reproducible backtest; no validated method"
"57","สิบ Markov","P(tens_t=b given tens_previous=a), smooth แถว","E","implemented","experimental","1.0","last2/top2/top3/first3OfFirst; descriptive multi-prize","history strictly before cutoff","alpha=1; window=20; seed=42 where applicable","Independent draws; no predictive advantage established","Small samples; exploratory historical analysis","See tests and reproducible backtest; no validated method"
"58","ร้อย Markov","P(hundreds_t=b given hundreds_previous=a)","E","implemented","experimental","1.0","last2/top2/top3/first3OfFirst; descriptive multi-prize","history strictly before cutoff","alpha=1; window=20; seed=42 where applicable","Independent draws; no predictive advantage established","Small samples; exploratory historical analysis","See tests and reproducible backtest; no validated method"
"59","คู่คี่เปลี่ยนผ่าน","transition ของ parity pattern งวดก่อน→ถัดไป","E","planned","experimental","1.0","last2/top2/top3/first3OfFirst; descriptive multi-prize","history strictly before cutoff","alpha=1; window=20; seed=42 where applicable","Independent draws; no predictive advantage established","Small samples; exploratory historical analysis","See tests and reproducible backtest; no validated method"
"60","สูงต่ำเปลี่ยนผ่าน","transition ของ high/low pattern","E","planned","experimental","1.0","last2/top2/top3/first3OfFirst; descriptive multi-prize","history strictly before cutoff","alpha=1; window=20; seed=42 where applicable","Independent draws; no predictive advantage established","Small samples; exploratory historical analysis","See tests and reproducible backtest; no validated method"
"61","ผลรวมเปลี่ยนผ่าน","bin ผลรวมกำหนดจาก train เท่านั้น แล้วนับ transition","E","planned","experimental","1.0","last2/top2/top3/first3OfFirst; descriptive multi-prize","history strictly before cutoff","alpha=1; window=20; seed=42 where applicable","Independent draws; no predictive advantage established","Small samples; exploratory historical analysis","See tests and reproducible backtest; no validated method"
"62","เลขเต็มเปลี่ยนผ่าน","U×U sparse matrix; ปิด default เมื่อข้อมูลบาง","E","planned","experimental","1.0","last2/top2/top3/first3OfFirst; descriptive multi-prize","history strictly before cutoff","alpha=1; window=20; seed=42 where applicable","Independent draws; no predictive advantage established","Small samples; exploratory historical analysis","See tests and reproducible backtest; no validated method"
"63","บนก่อน→ล่างถัดไป","cross-target lag 1 เท่านั้นสำหรับจัดอันดับ","E","planned","experimental","1.0","last2/top2/top3/first3OfFirst; descriptive multi-prize","history strictly before cutoff","alpha=1; window=20; seed=42 where applicable","Independent draws; no predictive advantage established","Small samples; exploratory historical analysis","See tests and reproducible backtest; no validated method"
"64","บน–ล่างงวดเดียว","สำรวจความสัมพันธ์หลังมีผลครบ ห้ามใช้เป็น input ทำนายงวดนั้น","D","planned","descriptive","1.0","last2/top2/top3/first3OfFirst; descriptive multi-prize","history strictly before cutoff","alpha=1; window=20; seed=42 where applicable","Independent draws; no predictive advantage established","Small samples; exploratory historical analysis","See tests and reproducible backtest; no validated method"
"65","วันในสัปดาห์","conditional frequency ตามวันจริงของ target draw","D/E","planned","experimental","1.0","last2/top2/top3/first3OfFirst; descriptive multi-prize","history strictly before cutoff","alpha=1; window=20; seed=42 where applicable","Independent draws; no predictive advantage established","Small samples; exploratory historical analysis","See tests and reproducible backtest; no validated method"
"66","เดือนสากล","conditional frequency ตามเดือน","D/E","planned","experimental","1.0","last2/top2/top3/first3OfFirst; descriptive multi-prize","history strictly before cutoff","alpha=1; window=20; seed=42 where applicable","Independent draws; no predictive advantage established","Small samples; exploratory historical analysis","See tests and reproducible backtest; no validated method"
"67","วันของเดือน","conditional frequency ตามวันจริง ไม่บังคับ 1/16","D/E","planned","experimental","1.0","last2/top2/top3/first3OfFirst; descriptive multi-prize","history strictly before cutoff","alpha=1; window=20; seed=42 where applicable","Independent draws; no predictive advantage established","Small samples; exploratory historical analysis","See tests and reproducible backtest; no validated method"
"68","ข้างขึ้น–แรม","conditional frequency เมื่อมีข้อมูลปฏิทินตรวจสอบแล้ว","D/E","disabled","experimental","1.0","last2/top2/top3/first3OfFirst; descriptive multi-prize","history strictly before cutoff","alpha=1; window=20; seed=42 where applicable","Independent draws; no predictive advantage established","No verified lunar calendar source","See tests and reproducible backtest; no validated method"
"69","วันจันทรคติ","conditional frequency; ระบุ intercalation/แหล่งแปลง","D/E","disabled","experimental","1.0","last2/top2/top3/first3OfFirst; descriptive multi-prize","history strictly before cutoff","alpha=1; window=20; seed=42 where applicable","Independent draws; no predictive advantage established","No verified lunar calendar source","See tests and reproducible backtest; no validated method"
"70","ปีนักษัตร","conditional frequency พร้อม convention วันเปลี่ยนปี","D/E","disabled","experimental","1.0","last2/top2/top3/first3OfFirst; descriptive multi-prize","history strictly before cutoff","alpha=1; window=20; seed=42 where applicable","Independent draws; no predictive advantage established","No verified lunar calendar source","See tests and reproducible backtest; no validated method"
"71","ความครบถ้วน","จำนวนงวดที่พบ/จำนวนตามกำหนดที่ตรวจสอบได้ ไม่เดาว่าทุกปี 24 งวด","Q","planned","quality","1.0","last2/top2/top3/first3OfFirst; descriptive multi-prize","history strictly before cutoff","alpha=1; window=20; seed=42 where applicable","Independent draws; no predictive advantage established","Small samples; exploratory historical analysis","See tests and reproducible backtest; no validated method"
"72","ความตรงกันของแหล่ง","verified fields/compared fields พร้อมรายการ conflict","Q","planned","quality","1.0","last2/top2/top3/first3OfFirst; descriptive multi-prize","history strictly before cutoff","alpha=1; window=20; seed=42 where applicable","Independent draws; no predictive advantage established","Small samples; exploratory historical analysis","See tests and reproducible backtest; no validated method"
"73","ความถี่คาดหมาย","E=n/U สำหรับผลเดี่ยวสม่ำเสมอ หรือฐานหมวดที่นับ combinatorial","Q","implemented","quality","1.0","last2/top2/top3/first3OfFirst; descriptive multi-prize","history strictly before cutoff","alpha=1; window=20; seed=42 where applicable","Independent draws; no predictive advantage established","Small samples; exploratory historical analysis","See tests and reproducible backtest; no validated method"
"74","Chi-square","sum((O-E)^2/E), ตรวจเงื่อนไข expected count ก่อนใช้","Q","implemented","quality","1.0","last2/top2/top3/first3OfFirst; descriptive multi-prize","history strictly before cutoff","alpha=1; window=20; seed=42 where applicable","Independent draws; no predictive advantage established","Statistic only; asymptotic p-value not provided","See tests and reproducible backtest; no validated method"
"75","Binomial test","ทดสอบเลขหรือหมวดที่กำหนดล่วงหน้าภายใต้ p0","Q","implemented","quality","1.0","last2/top2/top3/first3OfFirst; descriptive multi-prize","history strictly before cutoff","alpha=1; window=20; seed=42 where applicable","Independent draws; no predictive advantage established","One-sided exact binomial for fixed K/model; Holm adjusted","See tests and reproducible backtest; no validated method"
"76","ช่วงความเชื่อมั่น","Wilson 95% สำหรับ hit rate ผลเดี่ยว เมื่อสมมติฐานเหมาะสม","Q","implemented","quality","1.0","last2/top2/top3/first3OfFirst; descriptive multi-prize","history strictly before cutoff","alpha=1; window=20; seed=42 where applicable","Independent draws; no predictive advantage established","Small samples; exploratory historical analysis","See tests and reproducible backtest; no validated method"
"77","Entropy","'-sum(p*log(p)); รายงาน log base และ normalized /log(U)","Q","implemented","quality","1.0","last2/top2/top3/first3OfFirst; descriptive multi-prize","history strictly before cutoff","alpha=1; window=20; seed=42 where applicable","Independent draws; no predictive advantage established","Small samples; exploratory historical analysis","See tests and reproducible backtest; no validated method"
"78","Serial dependence","ตรวจ autocorrelation ของ digit/indicator พร้อม lag และ null simulation","Q","planned","quality","1.0","last2/top2/top3/first3OfFirst; descriptive multi-prize","history strictly before cutoff","alpha=1; window=20; seed=42 where applicable","Independent draws; no predictive advantage established","Small samples; exploratory historical analysis","See tests and reproducible backtest; no validated method"
"79","Multiple testing","adjusted p ด้วย Holm หรือ BH ตาม family ที่ประกาศ","Q","implemented","quality","1.0","last2/top2/top3/first3OfFirst; descriptive multi-prize","history strictly before cutoff","alpha=1; window=20; seed=42 where applicable","Independent draws; no predictive advantage established","Small samples; exploratory historical analysis","See tests and reproducible backtest; no validated method"
"80","Null simulation","สร้างข้อมูลสุ่มและรันกระบวนการเลือกสูตรทั้งหมด เปรียบเทียบผลรวม","Q","planned","quality","1.0","last2/top2/top3/first3OfFirst; descriptive multi-prize","history strictly before cutoff","alpha=1; window=20; seed=42 where applicable","Independent draws; no predictive advantage established","Small samples; exploratory historical analysis","See tests and reproducible backtest; no validated method"