"url","body","retrievedAt","rawHash","httpStatus","parserVersion","status"
"https://www.glo.or.th/api/lottery/getLatestLottery","{}","2026-10-01T16:03:44.729Z","a87d58f00495732a49d739852bacdcc60e66a21d1c26781f24f50f1fcbbde1c1","200","glo-1","accepted"
"https://www.glo.or.th/api/checking/getLotteryResult","{""year"":""2026"",""month"":""09"",""date"":""17""}","2026-10-01T16:03:44.804Z","afe94da460509c7b93673132eb40f228d9d4beeea0ab0ee7e989d96bc491eb46","200","glo-1","no_result"
"https://www.glo.or.th/api/checking/getLotteryResult","{""year"":""2026"",""month"":""09"",""date"":""16""}","2026-10-01T16:03:45.244Z","f022d21324c5e8cd48ab09922042e8bfe4b1834a342c5ee79b64c62f2da92902","200","glo-1","accepted"
"https://www.glo.or.th/api/checking/getLotteryResult","{""year"":""2026"",""month"":""09"",""date"":""02""}","2026-10-01T16:03:45.810Z","afe94da460509c7b93673132eb40f228d9d4beeea0ab0ee7e989d96bc491eb46","200","glo-1","no_result"
"https://www.glo.or.th/api/checking/getLotteryResult","{""year"":""2026"",""month"":""09"",""date"":""01""}","2026-10-01T16:03:46.260Z","e4e2b92329102f8cf29fd8d43cb51bd297791e540cd04b9c7767246d0e510b49","200","glo-1","accepted"
"https://www.glo.or.th/api/checking/getLotteryResult","{""year"":""2026"",""month"":""08"",""date"":""17""}","2026-10-01T16:03:46.793Z","afe94da460509c7b93673132eb40f228d9d4beeea0ab0ee7e989d96bc491eb46","200","glo-1","no_result"
"https://www.glo.or.th/api/checking/getLotteryResult","{""year"":""2026"",""month"":""08"",""date"":""16""}","2026-10-01T16:03:47.245Z","cfb730e00597e6c28649df93c11eeb6472099e955535bec2eefa7ce5cbc4a6ce","200","glo-1","accepted"
"https://www.glo.or.th/api/checking/getLotteryResult","{""year"":""2026"",""month"":""08"",""date"":""02""}","2026-10-01T16:03:47.794Z","afe94da460509c7b93673132eb40f228d9d4beeea0ab0ee7e989d96bc491eb46","200","glo-1","no_result"
"https://www.glo.or.th/api/checking/getLotteryResult","{""year"":""2026"",""month"":""08"",""date"":""01""}","2026-10-01T16:03:48.343Z","b9a1c9e940ae8e98cbf12575f7c444cf7901195244328436498f7bab71e17267","200","glo-1","accepted"
"https://www.glo.or.th/api/checking/getLotteryResult","{""year"":""2026"",""month"":""07"",""date"":""17""}","2026-10-01T16:03:48.927Z","afe94da460509c7b93673132eb40f228d9d4beeea0ab0ee7e989d96bc491eb46","200","glo-1","no_result"
"https://www.glo.or.th/api/checking/getLotteryResult","{""year"":""2026"",""month"":""07"",""date"":""16""}","2026-10-01T16:03:49.393Z","b00e53350d5e4c2273445b03bb6292e17a7f752f7996d7c2ade312690a89499f","200","glo-1","accepted"
"https://www.glo.or.th/api/checking/getLotteryResult","{""year"":""2026"",""month"":""07"",""date"":""02""}","2026-10-01T16:03:49.944Z","afe94da460509c7b93673132eb40f228d9d4beeea0ab0ee7e989d96bc491eb46","200","glo-1","no_result"
"https://www.glo.or.th/api/checking/getLotteryResult","{""year"":""2026"",""month"":""07"",""date"":""01""}","2026-10-01T16:03:50.376Z","dc717ee6cb7f80c85ada34101e991a0e2a61a7fdb8db1c63763b430c8e630c6d","200","glo-1","accepted"
"https://www.glo.or.th/api/checking/getLotteryResult","{""year"":""2026"",""month"":""06"",""date"":""17""}","2026-10-01T16:03:50.929Z","afe94da460509c7b93673132eb40f228d9d4beeea0ab0ee7e989d96bc491eb46","200","glo-1","no_result"
"https://www.glo.or.th/api/checking/getLotteryResult","{""year"":""2026"",""month"":""06"",""date"":""16""}","2026-10-01T16:03:51.377Z","b3ea2f871778c0ef738290be6b605e837aaed02bfffb137a61c7faf90feae21d","200","glo-1","accepted"
"https://www.glo.or.th/api/checking/getLotteryResult","{""year"":""2026"",""month"":""06"",""date"":""02""}","2026-10-01T16:03:51.994Z","afe94da460509c7b93673132eb40f228d9d4beeea0ab0ee7e989d96bc491eb46","200","glo-1","no_result"
"https://www.glo.or.th/api/checking/getLotteryResult","{""year"":""2026"",""month"":""06"",""date"":""01""}","2026-10-01T16:03:52.440Z","1fe7a184685882beef1d0ab5cfb9d94d9481504d393827b2ed8e2132fa7d568d","200","glo-1","accepted"
"https://www.glo.or.th/api/checking/getLotteryResult","{""year"":""2026"",""month"":""05"",""date"":""17""}","2026-10-01T16:03:53.010Z","afe94da460509c7b93673132eb40f228d9d4beeea0ab0ee7e989d96bc491eb46","200","glo-1","no_result"
"https://www.glo.or.th/api/checking/getLotteryResult","{""year"":""2026"",""month"":""05"",""date"":""16""}","2026-10-01T16:03:53.458Z","3342b984d40ecdfb493ddfe040b696bc778f99d7dd76374fbb274681969f880a","200","glo-1","accepted"
"https://www.glo.or.th/api/checking/getLotteryResult","{""year"":""2026"",""month"":""05"",""date"":""02""}","2026-10-01T16:03:53.995Z","edb623378da603ab7df1554b0231d7bdbc9a3ab01c3646eac1cd1b5cb0daf76d","200","glo-1","accepted"
"https://www.glo.or.th/api/checking/getLotteryResult","{""year"":""2026"",""month"":""05"",""date"":""01""}","2026-10-01T16:03:54.542Z","afe94da460509c7b93673132eb40f228d9d4beeea0ab0ee7e989d96bc491eb46","200","glo-1","no_result"
"https://www.glo.or.th/api/checking/getLotteryResult","{""year"":""2026"",""month"":""04"",""date"":""17""}","2026-10-01T16:03:54.975Z","afe94da460509c7b93673132eb40f228d9d4beeea0ab0ee7e989d96bc491eb46","200","glo-1","no_result"
"https://www.glo.or.th/api/checking/getLotteryResult","{""year"":""2026"",""month"":""04"",""date"":""16""}","2026-10-01T16:03:55.427Z","67490753dc7f9bc951eaf8a63dade72ffb9855a3f7dd46b8cfe15d9b4f26c725","200","glo-1","accepted"
"https://www.glo.or.th/api/checking/getLotteryResult","{""year"":""2026"",""month"":""04"",""date"":""02""}","2026-10-01T16:03:55.976Z","afe94da460509c7b93673132eb40f228d9d4beeea0ab0ee7e989d96bc491eb46","200","glo-1","no_result"
"https://www.glo.or.th/api/checking/getLotteryResult","{""year"":""2026"",""month"":""04"",""date"":""01""}","2026-10-01T16:03:56.443Z","cf2c57457ebe79f614c875bc5af85677148df589be845d6dae4c6b5e7db45379","200","glo-1","accepted"
"https://www.glo.or.th/api/checking/getLotteryResult","{""year"":""2026"",""month"":""03"",""date"":""17""}","2026-10-01T16:03:56.974Z","afe94da460509c7b93673132eb40f228d9d4beeea0ab0ee7e989d96bc491eb46","200","glo-1","no_result"
"https://www.glo.or.th/api/checking/getLotteryResult","{""year"":""2026"",""month"":""03"",""date"":""16""}","2026-10-01T16:03:57.442Z","a1e2784765e8630d361c7ab2a17c3f557e6804a061d2cec2cd999995fa8a7600","200","glo-1","accepted"
"https://www.glo.or.th/api/checking/getLotteryResult","{""year"":""2026"",""month"":""03"",""date"":""02""}","2026-10-01T16:03:57.978Z","afe94da460509c7b93673132eb40f228d9d4beeea0ab0ee7e989d96bc491eb46","200","glo-1","no_result"
"https://www.glo.or.th/api/checking/getLotteryResult","{""year"":""2026"",""month"":""03"",""date"":""01""}","2026-10-01T16:03:58.411Z","787e7d190b87596c4abbcc2aee44fa56927ad246e674e5ffff46c15154b639a2","200","glo-1","accepted"
"https://www.glo.or.th/api/checking/getLotteryResult","{""year"":""2026"",""month"":""02"",""date"":""17""}","2026-10-01T16:03:58.944Z","afe94da460509c7b93673132eb40f228d9d4beeea0ab0ee7e989d96bc491eb46","200","glo-1","no_result"
"https://www.glo.or.th/api/checking/getLotteryResult","{""year"":""2026"",""month"":""02"",""date"":""16""}","2026-10-01T16:03:59.378Z","59926a539c1c56fd0d33a0c4b316a9c0c1085801cc4eb05df44ad7334436321b","200","glo-1","accepted"
"https://www.glo.or.th/api/checking/getLotteryResult","{""year"":""2026"",""month"":""02"",""date"":""02""}","2026-10-01T16:03:59.925Z","afe94da460509c7b93673132eb40f228d9d4beeea0ab0ee7e989d96bc491eb46","200","glo-1","no_result"
"https://www.glo.or.th/api/checking/getLotteryResult","{""year"":""2026"",""month"":""02"",""date"":""01""}","2026-10-01T16:04:00.377Z","43f8a4e1a9bad715dddb754977f5ab37597ce2ff70abd2a6582f6d57ba53be3c","200","glo-1","accepted"
"https://www.glo.or.th/api/checking/getLotteryResult","{""year"":""2026"",""month"":""01"",""date"":""17""}","2026-10-01T16:04:00.926Z","32446db3a8af2840932c098386a188e7c47cc088b2d88f781b76dab0d1040fcd","200","glo-1","accepted"
"https://www.glo.or.th/api/checking/getLotteryResult","{""year"":""2026"",""month"":""01"",""date"":""16""}","2026-10-01T16:04:01.461Z","afe94da460509c7b93673132eb40f228d9d4beeea0ab0ee7e989d96bc491eb46","200","glo-1","no_result"
"https://www.glo.or.th/api/checking/getLotteryResult","{""year"":""2026"",""month"":""01"",""date"":""02""}","2026-10-01T16:04:01.910Z","60de91ccae9969cedc42ec88164b9d85e62b236db4793b1a1f0e3ee6a6bdb85d","200","glo-1","accepted"
"https://www.glo.or.th/api/checking/getLotteryResult","{""year"":""2026"",""month"":""01"",""date"":""01""}","2026-10-01T16:04:02.444Z","afe94da460509c7b93673132eb40f228d9d4beeea0ab0ee7e989d96bc491eb46","200","glo-1","no_result"
"https://www.glo.or.th/api/checking/getLotteryResult","{""year"":""2025"",""month"":""12"",""date"":""30""}","2026-10-01T16:04:02.883Z","afe94da460509c7b93673132eb40f228d9d4beeea0ab0ee7e989d96bc491eb46","200","glo-1","no_result"
"https://www.glo.or.th/api/checking/getLotteryResult","{""year"":""2025"",""month"":""12"",""date"":""17""}","2026-10-01T16:04:03.310Z","afe94da460509c7b93673132eb40f228d9d4beeea0ab0ee7e989d96bc491eb46","200","glo-1","no_result"
"https://www.glo.or.th/api/checking/getLotteryResult","{""year"":""2025"",""month"":""12"",""date"":""16""}","2026-10-01T16:04:03.760Z","11accc7163ac6a417cc3c4036fc60ebc28bf38a4df82b26729bde693f50e5fdd","200","glo-1","accepted"
"https://www.glo.or.th/api/checking/getLotteryResult","{""year"":""2025"",""month"":""12"",""date"":""02""}","2026-10-01T16:04:04.318Z","afe94da460509c7b93673132eb40f228d9d4beeea0ab0ee7e989d96bc491eb46","200","glo-1","no_result"
"https://www.glo.or.th/api/checking/getLotteryResult","{""year"":""2025"",""month"":""12"",""date"":""01""}","2026-10-01T16:04:04.754Z","c0802b4537e4e581ffb26493613c8feca013d0757acfd133818a0e0c36f0160c","200","glo-1","accepted"
"https://www.glo.or.th/api/checking/getLotteryResult","{""year"":""2025"",""month"":""11"",""date"":""17""}","2026-10-01T16:04:05.279Z","afe94da460509c7b93673132eb40f228d9d4beeea0ab0ee7e989d96bc491eb46","200","glo-1","no_result"
"https://www.glo.or.th/api/checking/getLotteryResult","{""year"":""2025"",""month"":""11"",""date"":""16""}","2026-10-01T16:04:05.726Z","e2cac68741a6b69070fa69d1b95763efaa0d93efd00ab1e8077372b2a5affefe","200","glo-1","accepted"
"https://www.glo.or.th/api/checking/getLotteryResult","{""year"":""2025"",""month"":""11"",""date"":""02""}","2026-10-01T16:04:06.262Z","afe94da460509c7b93673132eb40f228d9d4beeea0ab0ee7e989d96bc491eb46","200","glo-1","no_result"
"https://www.glo.or.th/api/checking/getLotteryResult","{""year"":""2025"",""month"":""11"",""date"":""01""}","2026-10-01T16:04:06.709Z","b06f03b4796f83ecc364a59b76acbce1aaca7479f0648187af54dc1688674d38","200","glo-1","accepted"
"https://www.glo.or.th/api/checking/getLotteryResult","{""year"":""2025"",""month"":""10"",""date"":""17""}","2026-10-01T16:04:07.260Z","afe94da460509c7b93673132eb40f228d9d4beeea0ab0ee7e989d96bc491eb46","200","glo-1","no_result"
"https://www.glo.or.th/api/checking/getLotteryResult","{""year"":""2025"",""month"":""10"",""date"":""16""}","2026-10-01T16:04:07.692Z","d1ffc7ef40cb7ac866dfaf03bead3cd10b041f948b7bf09d5430c7d800c1bb3a","200","glo-1","accepted"
"https://www.glo.or.th/api/checking/getLotteryResult","{""year"":""2025"",""month"":""10"",""date"":""02""}","2026-10-01T16:04:09.262Z","afe94da460509c7b93673132eb40f228d9d4beeea0ab0ee7e989d96bc491eb46","200","glo-1","no_result"
"https://www.glo.or.th/api/checking/getLotteryResult","{""year"":""2025"",""month"":""10"",""date"":""01""}","2026-10-01T16:04:09.744Z","7270011fe4f0e4cdf776977af04a1af611b202abe052750bc9ff888a18f5a057","200","glo-1","accepted"
"https://www.glo.or.th/api/checking/getLotteryResult","{""year"":""2025"",""month"":""09"",""date"":""17""}","2026-10-01T16:04:10.310Z","afe94da460509c7b93673132eb40f228d9d4beeea0ab0ee7e989d96bc491eb46","200","glo-1","no_result"
"https://www.glo.or.th/api/checking/getLotteryResult","{""year"":""2025"",""month"":""09"",""date"":""16""}","2026-10-01T16:04:10.758Z","85738af33934231f1868300130be4e65a6d4778a1f4fb1017820507a501902f6","200","glo-1","accepted"
"https://www.glo.or.th/api/checking/getLotteryResult","{""year"":""2025"",""month"":""09"",""date"":""02""}","2026-10-01T16:04:11.276Z","afe94da460509c7b93673132eb40f228d9d4beeea0ab0ee7e989d96bc491eb46","200","glo-1","no_result"
"https://www.glo.or.th/api/checking/getLotteryResult","{""year"":""2025"",""month"":""09"",""date"":""01""}","2026-10-01T16:04:11.727Z","a8e60d3f1607b1adaf77655177f2cbc59ed6290d1d707456b24433390fbe8de5","200","glo-1","accepted"
"https://www.glo.or.th/api/checking/getLotteryResult","{""year"":""2025"",""month"":""08"",""date"":""17""}","2026-10-01T16:04:12.292Z","afe94da460509c7b93673132eb40f228d9d4beeea0ab0ee7e989d96bc491eb46","200","glo-1","no_result"
"https://www.glo.or.th/api/checking/getLotteryResult","{""year"":""2025"",""month"":""08"",""date"":""16""}","2026-10-01T16:04:12.745Z","3e7040a104388e2732ee47224de062bed57a2fa5f082015bbc629572b508c0d7","200","glo-1","accepted"
"https://www.glo.or.th/api/checking/getLotteryResult","{""year"":""2025"",""month"":""08"",""date"":""02""}","2026-10-01T16:04:13.295Z","afe94da460509c7b93673132eb40f228d9d4beeea0ab0ee7e989d96bc491eb46","200","glo-1","no_result"
"https://www.glo.or.th/api/checking/getLotteryResult","{""year"":""2025"",""month"":""08"",""date"":""01""}","2026-10-01T16:04:13.746Z","1b57d47156c539589bdb97429c6a0a4e699724839ccfd14284bd1759ad000b89","200","glo-1","accepted"
"https://www.glo.or.th/api/checking/getLotteryResult","{""year"":""2025"",""month"":""07"",""date"":""17""}","2026-10-01T16:04:14.292Z","afe94da460509c7b93673132eb40f228d9d4beeea0ab0ee7e989d96bc491eb46","200","glo-1","no_result"
"https://www.glo.or.th/api/checking/getLotteryResult","{""year"":""2025"",""month"":""07"",""date"":""16""}","2026-10-01T16:04:14.809Z","","","","error"
"https://www.glo.or.th/api/checking/getLotteryResult","{""year"":""2025"",""month"":""07"",""date"":""02""}","2026-10-01T16:04:34.359Z","","","","error"
"https://www.glo.or.th/api/checking/getLotteryResult","{""year"":""2025"",""month"":""07"",""date"":""01""}","2026-10-01T16:04:34.727Z","","","","error"
"https://www.glo.or.th/api/checking/getLotteryResult","{""year"":""2025"",""month"":""06"",""date"":""17""}","2026-10-01T16:04:35.094Z","","","","error"
"https://www.glo.or.th/api/checking/getLotteryResult","{""year"":""2025"",""month"":""06"",""date"":""16""}","2026-10-01T16:04:35.460Z","","","","error"
"https://www.glo.or.th/api/checking/getLotteryResult","{""year"":""2025"",""month"":""06"",""date"":""02""}","2026-10-01T16:04:35.825Z","","","","error"
"https://www.glo.or.th/api/checking/getLotteryResult","{""year"":""2025"",""month"":""06"",""date"":""01""}","2026-10-01T16:04:36.193Z","","","","error"
"https://www.glo.or.th/api/checking/getLotteryResult","{""year"":""2025"",""month"":""05"",""date"":""17""}","2026-10-01T16:04:36.559Z","","","","error"
"https://www.glo.or.th/api/checking/getLotteryResult","{""year"":""2025"",""month"":""05"",""date"":""16""}","2026-10-01T16:04:36.927Z","","","","error"
"https://www.glo.or.th/api/checking/getLotteryResult","{""year"":""2025"",""month"":""05"",""date"":""02""}","2026-10-01T16:04:37.296Z","","","","error"
"https://www.glo.or.th/api/checking/getLotteryResult","{""year"":""2025"",""month"":""05"",""date"":""01""}","2026-10-01T16:04:37.658Z","","","","error"
"https://www.glo.or.th/api/checking/getLotteryResult","{""year"":""2025"",""month"":""04"",""date"":""17""}","2026-10-01T16:04:38.028Z","","","","error"
"https://www.glo.or.th/api/checking/getLotteryResult","{""year"":""2025"",""month"":""04"",""date"":""16""}","2026-10-01T16:04:38.394Z","","","","error"
"https://www.glo.or.th/api/checking/getLotteryResult","{""year"":""2025"",""month"":""04"",""date"":""02""}","2026-10-01T16:04:38.760Z","","","","error"
"https://www.glo.or.th/api/checking/getLotteryResult","{""year"":""2025"",""month"":""04"",""date"":""01""}","2026-10-01T16:04:39.128Z","","","","error"
"https://www.glo.or.th/api/checking/getLotteryResult","{""year"":""2025"",""month"":""03"",""date"":""17""}","2026-10-01T16:04:39.493Z","","","","error"
"https://www.glo.or.th/api/checking/getLotteryResult","{""year"":""2025"",""month"":""03"",""date"":""16""}","2026-10-01T16:04:39.862Z","","","","error"
"https://www.glo.or.th/api/checking/getLotteryResult","{""year"":""2025"",""month"":""03"",""date"":""02""}","2026-10-01T16:04:40.227Z","","","","error"
"https://www.glo.or.th/api/checking/getLotteryResult","{""year"":""2025"",""month"":""03"",""date"":""01""}","2026-10-01T16:04:40.593Z","","","","error"
"https://www.glo.or.th/api/checking/getLotteryResult","{""year"":""2025"",""month"":""02"",""date"":""17""}","2026-10-01T16:04:40.961Z","","","","error"
"https://www.glo.or.th/api/checking/getLotteryResult","{""year"":""2025"",""month"":""02"",""date"":""16""}","2026-10-01T16:04:41.327Z","","","","error"
"https://www.glo.or.th/api/checking/getLotteryResult","{""year"":""2025"",""month"":""02"",""date"":""02""}","2026-10-01T16:04:41.692Z","","","","error"
"https://www.glo.or.th/api/checking/getLotteryResult","{""year"":""2025"",""month"":""02"",""date"":""01""}","2026-10-01T16:04:42.063Z","","","","error"
"https://www.glo.or.th/api/checking/getLotteryResult","{""year"":""2025"",""month"":""01"",""date"":""17""}","2026-10-01T16:04:42.428Z","","","","error"
"https://www.glo.or.th/api/checking/getLotteryResult","{""year"":""2025"",""month"":""01"",""date"":""16""}","2026-10-01T16:04:42.789Z","","","","error"
"https://www.glo.or.th/api/checking/getLotteryResult","{""year"":""2025"",""month"":""01"",""date"":""02""}","2026-10-01T16:04:43.160Z","","","","error"
"https://www.glo.or.th/api/checking/getLotteryResult","{""year"":""2025"",""month"":""01"",""date"":""01""}","2026-10-01T16:04:43.523Z","","","","error"
"https://www.glo.or.th/api/checking/getLotteryResult","{""year"":""2024"",""month"":""12"",""date"":""30""}","2026-10-01T16:04:43.878Z","","","","error"
"https://www.glo.or.th/api/checking/getLotteryResult","{""year"":""2024"",""month"":""12"",""date"":""17""}","2026-10-01T16:04:44.242Z","","","","error"
"https://www.glo.or.th/api/checking/getLotteryResult","{""year"":""2024"",""month"":""12"",""date"":""16""}","2026-10-01T16:04:44.610Z","","","","error"
"https://www.glo.or.th/api/checking/getLotteryResult","{""year"":""2024"",""month"":""12"",""date"":""02""}","2026-10-01T16:04:44.984Z","","","","error"
"https://www.glo.or.th/api/checking/getLotteryResult","{""year"":""2024"",""month"":""12"",""date"":""01""}","2026-10-01T16:04:45.345Z","","","","error"
"https://www.glo.or.th/api/checking/getLotteryResult","{""year"":""2024"",""month"":""11"",""date"":""17""}","2026-10-01T16:04:45.700Z","","","","error"
"https://www.glo.or.th/api/checking/getLotteryResult","{""year"":""2024"",""month"":""11"",""date"":""16""}","2026-10-01T16:04:46.066Z","","","","error"
"https://www.glo.or.th/api/checking/getLotteryResult","{""year"":""2024"",""month"":""11"",""date"":""02""}","2026-10-01T16:04:46.434Z","","","","error"
"https://www.glo.or.th/api/checking/getLotteryResult","{""year"":""2024"",""month"":""11"",""date"":""01""}","2026-10-01T16:04:46.798Z","","","","error"
"https://www.glo.or.th/api/checking/getLotteryResult","{""year"":""2024"",""month"":""10"",""date"":""17""}","2026-10-01T16:04:47.166Z","","","","error"
"https://www.glo.or.th/api/checking/getLotteryResult","{""year"":""2024"",""month"":""10"",""date"":""16""}","2026-10-01T16:04:47.533Z","","","","error"
"https://www.glo.or.th/api/checking/getLotteryResult","{""year"":""2024"",""month"":""10"",""date"":""02""}","2026-10-01T16:04:47.890Z","","","","error"
"https://www.glo.or.th/api/checking/getLotteryResult","{""year"":""2024"",""month"":""10"",""date"":""01""}","2026-10-01T16:04:48.248Z","","","","error"
"https://www.glo.or.th/api/checking/getLotteryResult","{""year"":""2024"",""month"":""09"",""date"":""17""}","2026-10-01T16:04:48.614Z","","","","error"
"https://www.glo.or.th/api/checking/getLotteryResult","{""year"":""2024"",""month"":""09"",""date"":""16""}","2026-10-01T16:04:48.969Z","","","","error"
"https://www.glo.or.th/api/lottery/getLatestLottery","{}","2026-10-01T16:19:50.949Z","a87d58f00495732a49d739852bacdcc60e66a21d1c26781f24f50f1fcbbde1c1","200","glo-1","unchanged"
"https://www.glo.or.th/api/checking/getLotteryResult","{""year"":""2025"",""month"":""07"",""date"":""16""}","2026-10-01T16:19:51.012Z","41dd8fe8cf1e2931bf0be5ca10285470a2caa18822308c62ca20732dae68b43c","200","glo-1","accepted"
"https://www.glo.or.th/api/checking/getLotteryResult","{""year"":""2025"",""month"":""07"",""date"":""02""}","2026-10-01T16:19:52.690Z","afe94da460509c7b93673132eb40f228d9d4beeea0ab0ee7e989d96bc491eb46","200","glo-1","no_result"
"https://www.glo.or.th/api/checking/getLotteryResult","{""year"":""2025"",""month"":""07"",""date"":""01""}","2026-10-01T16:19:54.291Z","9bc7301502f621567de060b041c5614108195de473f00735e78d752899527133","200","glo-1","accepted"
"https://www.glo.or.th/api/checking/getLotteryResult","{""year"":""2025"",""month"":""06"",""date"":""17""}","2026-10-01T16:19:56.107Z","afe94da460509c7b93673132eb40f228d9d4beeea0ab0ee7e989d96bc491eb46","200","glo-1","no_result"
"https://www.glo.or.th/api/checking/getLotteryResult","{""year"":""2025"",""month"":""06"",""date"":""16""}","2026-10-01T16:19:57.707Z","e9e4d4a21062bb3f0eb45ec699b71ce7452550713796ef48da48c6b4eaed8b60","200","glo-1","accepted"
"https://www.glo.or.th/api/checking/getLotteryResult","{""year"":""2025"",""month"":""06"",""date"":""02""}","2026-10-01T16:19:59.425Z","afe94da460509c7b93673132eb40f228d9d4beeea0ab0ee7e989d96bc491eb46","200","glo-1","no_result"
"https://www.glo.or.th/api/checking/getLotteryResult","{""year"":""2025"",""month"":""06"",""date"":""01""}","2026-10-01T16:20:01.025Z","ab78f384132f84409e3e8548564b074d4bd141c1f35ca77afc1e945587c484a6","200","glo-1","accepted"
"https://www.glo.or.th/api/checking/getLotteryResult","{""year"":""2025"",""month"":""05"",""date"":""17""}","2026-10-01T16:20:02.724Z","afe94da460509c7b93673132eb40f228d9d4beeea0ab0ee7e989d96bc491eb46","200","glo-1","no_result"
"https://www.glo.or.th/api/checking/getLotteryResult","{""year"":""2025"",""month"":""05"",""date"":""16""}","2026-10-01T16:20:04.325Z","78321094e63ac5fb0b28c9ea0b230acbbae3ba9af8631dec7aff832232382c01","200","glo-1","accepted"
"https://www.glo.or.th/api/checking/getLotteryResult","{""year"":""2025"",""month"":""05"",""date"":""02""}","2026-10-01T16:20:06.007Z","098f16f9e4a7a2ed3140cc4a11a3df0259a03a9e733dbf3a65fa46fb6d68f273","200","glo-1","accepted"
"https://www.glo.or.th/api/checking/getLotteryResult","{""year"":""2025"",""month"":""05"",""date"":""01""}","2026-10-01T16:20:07.722Z","afe94da460509c7b93673132eb40f228d9d4beeea0ab0ee7e989d96bc491eb46","200","glo-1","no_result"
"https://www.glo.or.th/api/checking/getLotteryResult","{""year"":""2025"",""month"":""04"",""date"":""17""}","2026-10-01T16:20:09.324Z","afe94da460509c7b93673132eb40f228d9d4beeea0ab0ee7e989d96bc491eb46","200","glo-1","no_result"
"https://www.glo.or.th/api/checking/getLotteryResult","{""year"":""2025"",""month"":""04"",""date"":""16""}","2026-10-01T16:20:10.907Z","c9216ebcbb20969e1e17f4851742b5604a7e7ca5f6e9de4ee9a8020461b9cc03","200","glo-1","accepted"
"https://www.glo.or.th/api/checking/getLotteryResult","{""year"":""2025"",""month"":""04"",""date"":""02""}","2026-10-01T16:20:12.590Z","afe94da460509c7b93673132eb40f228d9d4beeea0ab0ee7e989d96bc491eb46","200","glo-1","no_result"
"https://www.glo.or.th/api/checking/getLotteryResult","{""year"":""2025"",""month"":""04"",""date"":""01""}","2026-10-01T16:20:14.190Z","df9792110f98f9a9a95fd4cd06b5f857173d01d551d90fec3334ed89392f1c3c","200","glo-1","accepted"
"https://www.glo.or.th/api/checking/getLotteryResult","{""year"":""2025"",""month"":""03"",""date"":""17""}","2026-10-01T16:20:15.891Z","afe94da460509c7b93673132eb40f228d9d4beeea0ab0ee7e989d96bc491eb46","200","glo-1","no_result"
"https://www.glo.or.th/api/checking/getLotteryResult","{""year"":""2025"",""month"":""03"",""date"":""16""}","2026-10-01T16:20:17.507Z","4f6a6b6a620212fa70ffa1838a5f68e62cd9c8c2c248d338b7d2d4bf774e7e56","200","glo-1","accepted"
"https://www.glo.or.th/api/checking/getLotteryResult","{""year"":""2025"",""month"":""03"",""date"":""02""}","2026-10-01T16:20:19.207Z","afe94da460509c7b93673132eb40f228d9d4beeea0ab0ee7e989d96bc491eb46","200","glo-1","no_result"
"https://www.glo.or.th/api/checking/getLotteryResult","{""year"":""2025"",""month"":""03"",""date"":""01""}","2026-10-01T16:20:20.808Z","fb2f40acfa8c58f9146731500829b24f1fb8c8d827b20409e78f862517e5f0e5","200","glo-1","accepted"
"https://www.glo.or.th/api/checking/getLotteryResult","{""year"":""2025"",""month"":""02"",""date"":""17""}","2026-10-01T16:20:22.508Z","afe94da460509c7b93673132eb40f228d9d4beeea0ab0ee7e989d96bc491eb46","200","glo-1","no_result"
"https://www.glo.or.th/api/checking/getLotteryResult","{""year"":""2025"",""month"":""02"",""date"":""16""}","2026-10-01T16:20:24.125Z","1c6be6a412e176a91304dee76d55dd147da57ea130d0addc6354d30fd22151ba","200","glo-1","accepted"
"https://www.glo.or.th/api/checking/getLotteryResult","{""year"":""2025"",""month"":""02"",""date"":""02""}","2026-10-01T16:20:25.839Z","afe94da460509c7b93673132eb40f228d9d4beeea0ab0ee7e989d96bc491eb46","200","glo-1","no_result"
"https://www.glo.or.th/api/checking/getLotteryResult","{""year"":""2025"",""month"":""02"",""date"":""01""}","2026-10-01T16:20:27.457Z","be68a36d233c403c577b2628da8a4da04c0ed26ef2cac475de029b2d70c97445","200","glo-1","accepted"
"https://www.glo.or.th/api/checking/getLotteryResult","{""year"":""2025"",""month"":""01"",""date"":""17""}","2026-10-01T16:20:29.189Z","ee141ab0defadf05a3446eb41aab778c36a47ab517847cbf672d94f060ea95b8","200","glo-1","accepted"
"https://www.glo.or.th/api/checking/getLotteryResult","{""year"":""2025"",""month"":""01"",""date"":""16""}","2026-10-01T16:20:30.873Z","afe94da460509c7b93673132eb40f228d9d4beeea0ab0ee7e989d96bc491eb46","200","glo-1","no_result"
"https://www.glo.or.th/api/checking/getLotteryResult","{""year"":""2025"",""month"":""01"",""date"":""02""}","2026-10-01T16:20:32.455Z","189fb0a0993a97deb02e549990e7fccdf6e75fb42d4951cb3f52ba2e209219fb","200","glo-1","accepted"
"https://www.glo.or.th/api/checking/getLotteryResult","{""year"":""2025"",""month"":""01"",""date"":""01""}","2026-10-01T16:20:34.142Z","afe94da460509c7b93673132eb40f228d9d4beeea0ab0ee7e989d96bc491eb46","200","glo-1","no_result"
"https://www.glo.or.th/api/checking/getLotteryResult","{""year"":""2024"",""month"":""12"",""date"":""30""}","2026-10-01T16:20:35.724Z","afe94da460509c7b93673132eb40f228d9d4beeea0ab0ee7e989d96bc491eb46","200","glo-1","no_result"
"https://www.glo.or.th/api/checking/getLotteryResult","{""year"":""2024"",""month"":""12"",""date"":""17""}","2026-10-01T16:20:37.324Z","afe94da460509c7b93673132eb40f228d9d4beeea0ab0ee7e989d96bc491eb46","200","glo-1","no_result"
"https://www.glo.or.th/api/checking/getLotteryResult","{""year"":""2024"",""month"":""12"",""date"":""16""}","2026-10-01T16:20:38.926Z","f6f36b6e7fae63fdf9c837fdeb411814f14defbf5da111752f1514fe25fb7ae6","200","glo-1","accepted"
"https://www.glo.or.th/api/checking/getLotteryResult","{""year"":""2024"",""month"":""12"",""date"":""02""}","2026-10-01T16:20:40.624Z","afe94da460509c7b93673132eb40f228d9d4beeea0ab0ee7e989d96bc491eb46","200","glo-1","no_result"
"https://www.glo.or.th/api/checking/getLotteryResult","{""year"":""2024"",""month"":""12"",""date"":""01""}","2026-10-01T16:20:42.222Z","974573575a12231cb348b480fee8a557613fc37e1be70a4b66face4d8b68336a","200","glo-1","accepted"
"https://www.glo.or.th/api/checking/getLotteryResult","{""year"":""2024"",""month"":""11"",""date"":""17""}","2026-10-01T16:20:43.908Z","afe94da460509c7b93673132eb40f228d9d4beeea0ab0ee7e989d96bc491eb46","200","glo-1","no_result"
"https://www.glo.or.th/api/checking/getLotteryResult","{""year"":""2024"",""month"":""11"",""date"":""16""}","2026-10-01T16:20:45.505Z","954440b06c311a2788be54bbec9ea443c94b6310ced619a3106ec1a1f70aa93a","200","glo-1","accepted"
"https://www.glo.or.th/api/checking/getLotteryResult","{""year"":""2024"",""month"":""11"",""date"":""02""}","2026-10-01T16:20:47.208Z","afe94da460509c7b93673132eb40f228d9d4beeea0ab0ee7e989d96bc491eb46","200","glo-1","no_result"
"https://www.glo.or.th/api/checking/getLotteryResult","{""year"":""2024"",""month"":""11"",""date"":""01""}","2026-10-01T16:20:48.807Z","962cf05832bb181118c9ef9f38d988482b1704d971c96dbacaac6a038b3e61c8","200","glo-1","accepted"
"https://www.glo.or.th/api/checking/getLotteryResult","{""year"":""2024"",""month"":""10"",""date"":""17""}","2026-10-01T16:20:50.505Z","afe94da460509c7b93673132eb40f228d9d4beeea0ab0ee7e989d96bc491eb46","200","glo-1","no_result"
"https://www.glo.or.th/api/checking/getLotteryResult","{""year"":""2024"",""month"":""10"",""date"":""16""}","2026-10-01T16:20:52.117Z","2e58847142a531420da86128aec34002b9c0c54989d17710b1aabd136269e162","200","glo-1","accepted"
"https://www.glo.or.th/api/checking/getLotteryResult","{""year"":""2024"",""month"":""10"",""date"":""02""}","2026-10-01T16:20:53.798Z","afe94da460509c7b93673132eb40f228d9d4beeea0ab0ee7e989d96bc491eb46","200","glo-1","no_result"
"https://www.glo.or.th/api/checking/getLotteryResult","{""year"":""2024"",""month"":""10"",""date"":""01""}","2026-10-01T16:20:55.436Z","6d8849defb8d28acc7fa163d10f05ced423eac6a3202f7eb735e1a1264a5928e","200","glo-1","accepted"
"https://www.glo.or.th/api/checking/getLotteryResult","{""year"":""2024"",""month"":""09"",""date"":""17""}","2026-10-01T16:20:57.120Z","afe94da460509c7b93673132eb40f228d9d4beeea0ab0ee7e989d96bc491eb46","200","glo-1","no_result"
"https://www.glo.or.th/api/checking/getLotteryResult","{""year"":""2024"",""month"":""09"",""date"":""16""}","2026-10-01T16:20:58.719Z","fb84527aa89919ade98d68ff8793611c1b74a360b52f7e2d66ac30336f1d2668","200","glo-1","accepted"
"https://www.glo.or.th/api/checking/getLotteryResult","{""year"":""2024"",""month"":""09"",""date"":""02""}","2026-10-01T16:21:00.419Z","afe94da460509c7b93673132eb40f228d9d4beeea0ab0ee7e989d96bc491eb46","200","glo-1","no_result"
"https://www.glo.or.th/api/checking/getLotteryResult","{""year"":""2024"",""month"":""09"",""date"":""01""}","2026-10-01T16:21:02.019Z","03eca0686267924a4fe676c6d17306d1c3538fe630f454561c50342eb43125ba","200","glo-1","accepted"
"https://www.glo.or.th/api/checking/getLotteryResult","{""year"":""2024"",""month"":""08"",""date"":""17""}","2026-10-01T16:21:03.720Z","afe94da460509c7b93673132eb40f228d9d4beeea0ab0ee7e989d96bc491eb46","200","glo-1","no_result"
"https://www.glo.or.th/api/checking/getLotteryResult","{""year"":""2024"",""month"":""08"",""date"":""16""}","2026-10-01T16:21:05.319Z","b5b0a9911f3e704678b1a19388ac77796bf63dad441beba1a98f4fd73c603278","200","glo-1","accepted"
"https://www.glo.or.th/api/checking/getLotteryResult","{""year"":""2024"",""month"":""08"",""date"":""02""}","2026-10-01T16:21:07.019Z","afe94da460509c7b93673132eb40f228d9d4beeea0ab0ee7e989d96bc491eb46","200","glo-1","no_result"
"https://www.glo.or.th/api/checking/getLotteryResult","{""year"":""2024"",""month"":""08"",""date"":""01""}","2026-10-01T16:21:08.618Z","779b16409f811393ad9114138bf5e4e8b3d673bf4caf57f3cd30ffe7603fda7e","200","glo-1","accepted"
"https://www.glo.or.th/api/checking/getLotteryResult","{""year"":""2024"",""month"":""07"",""date"":""17""}","2026-10-01T16:21:10.318Z","afe94da460509c7b93673132eb40f228d9d4beeea0ab0ee7e989d96bc491eb46","200","glo-1","no_result"
"https://www.glo.or.th/api/checking/getLotteryResult","{""year"":""2024"",""month"":""07"",""date"":""16""}","2026-10-01T16:21:11.888Z","b1d92a8f591d7d2ffbd41c1d6ed1e79be5d66525a0d58aeab2df757227f5794a","200","glo-1","accepted"
"https://www.glo.or.th/api/checking/getLotteryResult","{""year"":""2024"",""month"":""07"",""date"":""02""}","2026-10-01T16:21:13.567Z","afe94da460509c7b93673132eb40f228d9d4beeea0ab0ee7e989d96bc491eb46","200","glo-1","no_result"
"https://www.glo.or.th/api/checking/getLotteryResult","{""year"":""2024"",""month"":""07"",""date"":""01""}","2026-10-01T16:21:15.150Z","5601e05eaa9feeb0bcc54b387f96a8073905495c1625e159cf554eab0ee0bba3","200","glo-1","accepted"
"https://www.glo.or.th/api/checking/getLotteryResult","{""year"":""2024"",""month"":""06"",""date"":""17""}","2026-10-01T16:21:16.885Z","afe94da460509c7b93673132eb40f228d9d4beeea0ab0ee7e989d96bc491eb46","200","glo-1","no_result"
"https://www.glo.or.th/api/checking/getLotteryResult","{""year"":""2024"",""month"":""06"",""date"":""16""}","2026-10-01T16:21:18.535Z","49a92ef26a0d1511221296da0c4e1293f489e1d794821ffab3ab145383348f2f","200","glo-1","accepted"
"https://www.glo.or.th/api/checking/getLotteryResult","{""year"":""2024"",""month"":""06"",""date"":""02""}","2026-10-01T16:21:20.219Z","afe94da460509c7b93673132eb40f228d9d4beeea0ab0ee7e989d96bc491eb46","200","glo-1","no_result"
"https://www.glo.or.th/api/checking/getLotteryResult","{""year"":""2024"",""month"":""06"",""date"":""01""}","2026-10-01T16:21:21.819Z","ef1b66100504b58bcce5d3d049f227f3f638f4d64452c84e203a7adf5f61050f","200","glo-1","accepted"
"https://www.glo.or.th/api/checking/getLotteryResult","{""year"":""2024"",""month"":""05"",""date"":""17""}","2026-10-01T16:21:23.485Z","afe94da460509c7b93673132eb40f228d9d4beeea0ab0ee7e989d96bc491eb46","200","glo-1","no_result"
"https://www.glo.or.th/api/checking/getLotteryResult","{""year"":""2024"",""month"":""05"",""date"":""16""}","2026-10-01T16:21:25.087Z","bb6a9ce5b53759d32ed8423cd046140127e40f1566f1eaac6df4e6822b0c5221","200","glo-1","accepted"
"https://www.glo.or.th/api/checking/getLotteryResult","{""year"":""2024"",""month"":""05"",""date"":""02""}","2026-10-01T16:21:26.852Z","c824082f5519ac1ddf04ca462bc0e489ca6cd2ca02dcabd18b4708a47a14b706","200","glo-1","accepted"
"https://www.glo.or.th/api/checking/getLotteryResult","{""year"":""2024"",""month"":""05"",""date"":""01""}","2026-10-01T16:21:28.520Z","afe94da460509c7b93673132eb40f228d9d4beeea0ab0ee7e989d96bc491eb46","200","glo-1","no_result"
"https://www.glo.or.th/api/checking/getLotteryResult","{""year"":""2024"",""month"":""04"",""date"":""17""}","2026-10-01T16:21:30.102Z","afe94da460509c7b93673132eb40f228d9d4beeea0ab0ee7e989d96bc491eb46","200","glo-1","no_result"
"https://www.glo.or.th/api/checking/getLotteryResult","{""year"":""2024"",""month"":""04"",""date"":""16""}","2026-10-01T16:21:31.702Z","8e1ba7f4168a1b9b6ced6a22df1ce42618368fa5e38b70f8aedd316ccca06ed6","200","glo-1","accepted"
"https://www.glo.or.th/api/checking/getLotteryResult","{""year"":""2024"",""month"":""04"",""date"":""02""}","2026-10-01T16:21:33.386Z","afe94da460509c7b93673132eb40f228d9d4beeea0ab0ee7e989d96bc491eb46","200","glo-1","no_result"
"https://www.glo.or.th/api/checking/getLotteryResult","{""year"":""2024"",""month"":""04"",""date"":""01""}","2026-10-01T16:21:34.985Z","d0ec3ba7c8117aedb495d859b1dc86a377dca77436555d886f18020f75ca00c4","200","glo-1","accepted"
"https://www.glo.or.th/api/checking/getLotteryResult","{""year"":""2024"",""month"":""03"",""date"":""17""}","2026-10-01T16:21:36.670Z","afe94da460509c7b93673132eb40f228d9d4beeea0ab0ee7e989d96bc491eb46","200","glo-1","no_result"
"https://www.glo.or.th/api/checking/getLotteryResult","{""year"":""2024"",""month"":""03"",""date"":""16""}","2026-10-01T16:21:38.254Z","b9bcba3214ebdecdffaeb347cb84b6fed9b52515d5335f33ff1cf03016a4b0e0","200","glo-1","accepted"
"https://www.glo.or.th/api/checking/getLotteryResult","{""year"":""2024"",""month"":""03"",""date"":""02""}","2026-10-01T16:21:39.988Z","afe94da460509c7b93673132eb40f228d9d4beeea0ab0ee7e989d96bc491eb46","200","glo-1","no_result"
"https://www.glo.or.th/api/checking/getLotteryResult","{""year"":""2024"",""month"":""03"",""date"":""01""}","2026-10-01T16:21:41.586Z","3873c0a357e21174233db60a2636c6e9ea43b8fced30ca01befcf187aeb95b35","200","glo-1","accepted"
"https://www.glo.or.th/api/checking/getLotteryResult","{""year"":""2024"",""month"":""02"",""date"":""17""}","2026-10-01T16:21:43.286Z","afe94da460509c7b93673132eb40f228d9d4beeea0ab0ee7e989d96bc491eb46","200","glo-1","no_result"
"https://www.glo.or.th/api/checking/getLotteryResult","{""year"":""2024"",""month"":""02"",""date"":""16""}","2026-10-01T16:21:44.887Z","7fa6a537f9df26f1ca8d7da6291eead8cc516b777ea2e56d1512869c7f920189","200","glo-1","accepted"
"https://www.glo.or.th/api/checking/getLotteryResult","{""year"":""2024"",""month"":""02"",""date"":""02""}","2026-10-01T16:21:46.586Z","afe94da460509c7b93673132eb40f228d9d4beeea0ab0ee7e989d96bc491eb46","200","glo-1","no_result"
"https://www.glo.or.th/api/checking/getLotteryResult","{""year"":""2024"",""month"":""02"",""date"":""01""}","2026-10-01T16:21:48.202Z","b5691d2afe6a59b06d1967b40f2988a3640cb4e32791efb10797cb2fde1aabaa","200","glo-1","accepted"
"https://www.glo.or.th/api/checking/getLotteryResult","{""year"":""2024"",""month"":""01"",""date"":""17""}","2026-10-01T16:21:49.888Z","a5c25989d1cfb4b2a5337c98d5e8e3c13b0d661323d47d2dfe4e22bb220c85f1","200","glo-1","accepted"
"https://www.glo.or.th/api/checking/getLotteryResult","{""year"":""2024"",""month"":""01"",""date"":""16""}","2026-10-01T16:21:51.586Z","afe94da460509c7b93673132eb40f228d9d4beeea0ab0ee7e989d96bc491eb46","200","glo-1","no_result"
"https://www.glo.or.th/api/checking/getLotteryResult","{""year"":""2024"",""month"":""01"",""date"":""02""}","2026-10-01T16:21:53.186Z","afe94da460509c7b93673132eb40f228d9d4beeea0ab0ee7e989d96bc491eb46","200","glo-1","no_result"
"https://www.glo.or.th/api/checking/getLotteryResult","{""year"":""2024"",""month"":""01"",""date"":""01""}","2026-10-01T16:21:54.852Z","afe94da460509c7b93673132eb40f228d9d4beeea0ab0ee7e989d96bc491eb46","200","glo-1","no_result"
"https://www.glo.or.th/api/checking/getLotteryResult","{""year"":""2023"",""month"":""12"",""date"":""30""}","2026-10-01T16:21:56.451Z","369fa7021bae61263d14db37062f05b0275719c8d36be254ab095d8557ca6aba","200","glo-1","accepted"
"https://www.glo.or.th/api/checking/getLotteryResult","{""year"":""2023"",""month"":""12"",""date"":""17""}","2026-10-01T16:21:58.135Z","afe94da460509c7b93673132eb40f228d9d4beeea0ab0ee7e989d96bc491eb46","200","glo-1","no_result"
"https://www.glo.or.th/api/checking/getLotteryResult","{""year"":""2023"",""month"":""12"",""date"":""16""}","2026-10-01T16:21:59.735Z","79a208826fa23e86b62a8b8424e4649773302978cd7a7f6f1c9cdb182c24c2bd","200","glo-1","accepted"
"https://www.glo.or.th/api/checking/getLotteryResult","{""year"":""2023"",""month"":""12"",""date"":""02""}","2026-10-01T16:22:01.437Z","afe94da460509c7b93673132eb40f228d9d4beeea0ab0ee7e989d96bc491eb46","200","glo-1","no_result"
"https://www.glo.or.th/api/lottery/getLatestLottery","{}","2026-10-01T16:32:50.747Z","a87d58f00495732a49d739852bacdcc60e66a21d1c26781f24f50f1fcbbde1c1","200","glo-1","unchanged"
"https://www.glo.or.th/api/checking/getLotteryResult","{""year"":""2023"",""month"":""12"",""date"":""01""}","2026-10-01T16:32:56.457Z","0d22e23b671d3e4efe4356157d38ccfa0de658a281687a66e0e1c3aa79921635","200","glo-1","accepted"
"https://www.glo.or.th/api/checking/getLotteryResult","{""year"":""2023"",""month"":""11"",""date"":""17""}","2026-10-01T16:32:59.426Z","afe94da460509c7b93673132eb40f228d9d4beeea0ab0ee7e989d96bc491eb46","200","glo-1","no_result"
"https://www.glo.or.th/api/checking/getLotteryResult","{""year"":""2023"",""month"":""11"",""date"":""16""}","2026-10-01T16:33:02.255Z","f13ffdff266b5ecf825cbdbdd7849d1666f147cde5bcfd07b5c7a12d59cb90b0","200","glo-1","accepted"
"https://www.glo.or.th/api/checking/getLotteryResult","{""year"":""2023"",""month"":""11"",""date"":""02""}","2026-10-01T16:33:05.169Z","afe94da460509c7b93673132eb40f228d9d4beeea0ab0ee7e989d96bc491eb46","200","glo-1","no_result"
"https://www.glo.or.th/api/checking/getLotteryResult","{""year"":""2023"",""month"":""11"",""date"":""01""}","2026-10-01T16:33:08.053Z","f4656734274a23764c7f1f3da9e9fc4deaa5ed0ebde2a4aa09676b4bcfa6627d","200","glo-1","accepted"
"https://www.glo.or.th/api/checking/getLotteryResult","{""year"":""2023"",""month"":""10"",""date"":""17""}","2026-10-01T16:33:10.947Z","afe94da460509c7b93673132eb40f228d9d4beeea0ab0ee7e989d96bc491eb46","200","glo-1","no_result"
"https://www.glo.or.th/api/checking/getLotteryResult","{""year"":""2023"",""month"":""10"",""date"":""16""}","2026-10-01T16:33:13.792Z","507803591658ffdeedc47a9c0524a294f777df00dd24b55040461dbe5b686e65","200","glo-1","accepted"
"https://www.glo.or.th/api/checking/getLotteryResult","{""year"":""2023"",""month"":""10"",""date"":""02""}","2026-10-01T16:33:16.741Z","afe94da460509c7b93673132eb40f228d9d4beeea0ab0ee7e989d96bc491eb46","200","glo-1","no_result"
"https://www.glo.or.th/api/checking/getLotteryResult","{""year"":""2023"",""month"":""10"",""date"":""01""}","2026-10-01T16:33:19.564Z","96c5cb5609b16489f439dab15847239fbbb43aae216db28ad7819518ab63d1a4","200","glo-1","accepted"
"https://www.glo.or.th/api/checking/getLotteryResult","{""year"":""2023"",""month"":""09"",""date"":""17""}","2026-10-01T16:33:22.537Z","afe94da460509c7b93673132eb40f228d9d4beeea0ab0ee7e989d96bc491eb46","200","glo-1","no_result"
"https://www.glo.or.th/api/checking/getLotteryResult","{""year"":""2023"",""month"":""09"",""date"":""16""}","2026-10-01T16:33:25.412Z","0c3327cb0a00d59b7f97829988ef2057959f2d73dbae3cf1f128479059bd390d","200","glo-1","accepted"
"https://www.glo.or.th/api/checking/getLotteryResult","{""year"":""2023"",""month"":""09"",""date"":""02""}","2026-10-01T16:33:28.329Z","afe94da460509c7b93673132eb40f228d9d4beeea0ab0ee7e989d96bc491eb46","200","glo-1","no_result"
"https://www.glo.or.th/api/lottery/getLatestLottery","{}","2026-10-02T16:40:44.436Z","a87d58f00495732a49d739852bacdcc60e66a21d1c26781f24f50f1fcbbde1c1","200","glo-1","unchanged"
"https://www.glo.or.th/api/checking/getLotteryResult","{""year"":""2026"",""month"":""10"",""date"":""02""}","2026-10-02T16:40:49.680Z","afe94da460509c7b93673132eb40f228d9d4beeea0ab0ee7e989d96bc491eb46","200","glo-1","no_result"
"https://www.glo.or.th/api/checking/getLotteryResult","{""year"":""2023"",""month"":""09"",""date"":""01""}","2026-10-02T16:40:52.597Z","4bb5216f0872ca70b58a892852e7a25eb57bfe41606813db6dce86093fd9b782","200","glo-1","accepted"
"https://www.glo.or.th/api/checking/getLotteryResult","{""year"":""2023"",""month"":""08"",""date"":""17""}","2026-10-02T16:40:55.553Z","afe94da460509c7b93673132eb40f228d9d4beeea0ab0ee7e989d96bc491eb46","200","glo-1","no_result"
"https://www.glo.or.th/api/checking/getLotteryResult","{""year"":""2023"",""month"":""08"",""date"":""16""}","2026-10-02T16:40:58.416Z","41f5ab07c67d0fc0df49ad4d0996d0b9afee4ecb76d0559110dbeff1ba0fbb71","200","glo-1","accepted"
"https://www.glo.or.th/api/checking/getLotteryResult","{""year"":""2023"",""month"":""08"",""date"":""02""}","2026-10-02T16:41:01.354Z","afe94da460509c7b93673132eb40f228d9d4beeea0ab0ee7e989d96bc491eb46","200","glo-1","no_result"
"https://www.glo.or.th/api/checking/getLotteryResult","{""year"":""2023"",""month"":""08"",""date"":""01""}","2026-10-02T16:41:04.248Z","afe94da460509c7b93673132eb40f228d9d4beeea0ab0ee7e989d96bc491eb46","200","glo-1","no_result"
"https://www.glo.or.th/api/checking/getLotteryResult","{""year"":""2023"",""month"":""07"",""date"":""17""}","2026-10-02T16:41:07.113Z","afe94da460509c7b93673132eb40f228d9d4beeea0ab0ee7e989d96bc491eb46","200","glo-1","no_result"
"https://www.glo.or.th/api/checking/getLotteryResult","{""year"":""2023"",""month"":""07"",""date"":""16""}","2026-10-02T16:41:09.979Z","4c77b59842fcea6a23ec04f81279d8994a0e08431b6e5bdcdc0c4c60bc45f99c","200","glo-1","accepted"
"https://www.glo.or.th/api/checking/getLotteryResult","{""year"":""2023"",""month"":""07"",""date"":""02""}","2026-10-02T16:41:12.942Z","afe94da460509c7b93673132eb40f228d9d4beeea0ab0ee7e989d96bc491eb46","200","glo-1","no_result"
"https://www.glo.or.th/api/checking/getLotteryResult","{""year"":""2023"",""month"":""07"",""date"":""01""}","2026-10-02T16:41:15.792Z","41abd2c37ef475a1b1b139bf7b73710469ff6899cfc74f1a5b2ba0550636d21a","200","glo-1","accepted"
"https://www.glo.or.th/api/checking/getLotteryResult","{""year"":""2023"",""month"":""06"",""date"":""17""}","2026-10-02T16:41:18.780Z","afe94da460509c7b93673132eb40f228d9d4beeea0ab0ee7e989d96bc491eb46","200","glo-1","no_result"
"https://www.glo.or.th/api/checking/getLotteryResult","{""year"":""2023"",""month"":""06"",""date"":""16""}","2026-10-02T16:41:21.684Z","292ce6c25f383d317d630e6cbfa83f6b69643c8e4688b224bc456adc61de4b3c","200","glo-1","accepted"
"https://www.glo.or.th/api/lottery/getLatestLottery","{}","2026-10-03T15:09:25.416Z","a87d58f00495732a49d739852bacdcc60e66a21d1c26781f24f50f1fcbbde1c1","200","glo-1","unchanged"
"https://www.glo.or.th/api/checking/getLotteryResult","{""year"":""2023"",""month"":""06"",""date"":""02""}","2026-10-03T15:09:29.216Z","afe94da460509c7b93673132eb40f228d9d4beeea0ab0ee7e989d96bc491eb46","200","glo-1","no_result"
"https://www.glo.or.th/api/checking/getLotteryResult","{""year"":""2023"",""month"":""06"",""date"":""01""}","2026-10-03T15:09:32.000Z","ea64b8a1fa78f0e8e75f12ce904df03ebee897a88212438c648784f8f9ebdfef","200","glo-1","accepted"
"https://www.glo.or.th/api/checking/getLotteryResult","{""year"":""2023"",""month"":""05"",""date"":""17""}","2026-10-03T15:09:34.908Z","afe94da460509c7b93673132eb40f228d9d4beeea0ab0ee7e989d96bc491eb46","200","glo-1","no_result"
"https://www.glo.or.th/api/checking/getLotteryResult","{""year"":""2023"",""month"":""05"",""date"":""16""}","2026-10-03T15:09:37.664Z","0f24e8fe134d31b416c436f5437765d5c75685aaf6e710f466c6e7f472de64d0","200","glo-1","accepted"
"https://www.glo.or.th/api/checking/getLotteryResult","{""year"":""2023"",""month"":""05"",""date"":""02""}","2026-10-03T15:09:40.506Z","729b7b273476fa2224d294ab222b98e529f375845c6d5fa510f873dcf7d38758","200","glo-1","accepted"
"https://www.glo.or.th/api/checking/getLotteryResult","{""year"":""2023"",""month"":""05"",""date"":""01""}","2026-10-03T15:09:43.346Z","afe94da460509c7b93673132eb40f228d9d4beeea0ab0ee7e989d96bc491eb46","200","glo-1","no_result"
"https://www.glo.or.th/api/checking/getLotteryResult","{""year"":""2023"",""month"":""04"",""date"":""17""}","2026-10-03T15:09:46.128Z","afe94da460509c7b93673132eb40f228d9d4beeea0ab0ee7e989d96bc491eb46","200","glo-1","no_result"
"https://www.glo.or.th/api/checking/getLotteryResult","{""year"":""2023"",""month"":""04"",""date"":""16""}","2026-10-03T15:09:48.883Z","16acf4878265a01d912c9cbaefc49acb620e502d37b99488862f04e1f2f87a08","200","glo-1","accepted"
"https://www.glo.or.th/api/checking/getLotteryResult","{""year"":""2023"",""month"":""04"",""date"":""02""}","2026-10-03T15:09:51.769Z","afe94da460509c7b93673132eb40f228d9d4beeea0ab0ee7e989d96bc491eb46","200","glo-1","no_result"
"https://www.glo.or.th/api/checking/getLotteryResult","{""year"":""2023"",""month"":""04"",""date"":""01""}","2026-10-03T15:09:54.562Z","3bedeafc7c5de72cd5dbf00a7728294f7a77d94a0090bf98d2ed0edc7d47e021","200","glo-1","accepted"
"https://www.glo.or.th/api/checking/getLotteryResult","{""year"":""2023"",""month"":""03"",""date"":""17""}","2026-10-03T15:09:57.411Z","afe94da460509c7b93673132eb40f228d9d4beeea0ab0ee7e989d96bc491eb46","200","glo-1","no_result"
"https://www.glo.or.th/api/checking/getLotteryResult","{""year"":""2023"",""month"":""03"",""date"":""16""}","2026-10-03T15:10:00.194Z","8777ba0b7ff359ce3fd38c461996bccb6b80ea3cc589f33b802c2a32f7ae6415","200","glo-1","accepted"
"https://www.glo.or.th/api/lottery/getLatestLottery","{}","2026-10-04T15:49:47.761Z","a87d58f00495732a49d739852bacdcc60e66a21d1c26781f24f50f1fcbbde1c1","200","glo-1","unchanged"
"https://www.glo.or.th/api/checking/getLotteryResult","{""year"":""2023"",""month"":""03"",""date"":""02""}","2026-10-04T15:49:53.366Z","afe94da460509c7b93673132eb40f228d9d4beeea0ab0ee7e989d96bc491eb46","200","glo-1","no_result"
"https://www.glo.or.th/api/checking/getLotteryResult","{""year"":""2023"",""month"":""03"",""date"":""01""}","2026-10-04T15:49:56.157Z","98ea7afabce028812113bc58ab34fdb9abe58019c0b984976d8570aa38ae51d8","200","glo-1","accepted"
"https://www.glo.or.th/api/checking/getLotteryResult","{""year"":""2023"",""month"":""02"",""date"":""17""}","2026-10-04T15:49:59.042Z","afe94da460509c7b93673132eb40f228d9d4beeea0ab0ee7e989d96bc491eb46","200","glo-1","no_result"
"https://www.glo.or.th/api/checking/getLotteryResult","{""year"":""2023"",""month"":""02"",""date"":""16""}","2026-10-04T15:50:01.823Z","36ce73e9e599c858354cfee3f7d3a81364194366f44079f25d0bf62b949801cc","200","glo-1","accepted"
"https://www.glo.or.th/api/checking/getLotteryResult","{""year"":""2023"",""month"":""02"",""date"":""02""}","2026-10-04T15:50:04.699Z","afe94da460509c7b93673132eb40f228d9d4beeea0ab0ee7e989d96bc491eb46","200","glo-1","no_result"
"https://www.glo.or.th/api/checking/getLotteryResult","{""year"":""2023"",""month"":""02"",""date"":""01""}","2026-10-04T15:50:07.526Z","74cd2512654ceae9b9c96a960c1921e465e528e553f55b6c93438a88988c5a25","200","glo-1","accepted"
"https://www.glo.or.th/api/checking/getLotteryResult","{""year"":""2023"",""month"":""01"",""date"":""17""}","2026-10-04T15:50:10.392Z","9db72d3533e2861c6ff2091be9a4c219a2163134ddf2fdefbf83c15ead0e5948","200","glo-1","accepted"
"https://www.glo.or.th/api/checking/getLotteryResult","{""year"":""2023"",""month"":""01"",""date"":""16""}","2026-10-04T15:50:13.254Z","afe94da460509c7b93673132eb40f228d9d4beeea0ab0ee7e989d96bc491eb46","200","glo-1","no_result"
"https://www.glo.or.th/api/checking/getLotteryResult","{""year"":""2023"",""month"":""01"",""date"":""02""}","2026-10-04T15:50:16.036Z","afe94da460509c7b93673132eb40f228d9d4beeea0ab0ee7e989d96bc491eb46","200","glo-1","no_result"
"https://www.glo.or.th/api/checking/getLotteryResult","{""year"":""2023"",""month"":""01"",""date"":""01""}","2026-10-04T15:50:18.815Z","afe94da460509c7b93673132eb40f228d9d4beeea0ab0ee7e989d96bc491eb46","200","glo-1","no_result"
"https://www.glo.or.th/api/checking/getLotteryResult","{""year"":""2022"",""month"":""12"",""date"":""30""}","2026-10-04T15:50:21.594Z","8db25cf0513e5db04193eb562777f98de9d191199a16a32dcf78d58774b593aa","200","glo-1","accepted"
"https://www.glo.or.th/api/checking/getLotteryResult","{""year"":""2022"",""month"":""12"",""date"":""17""}","2026-10-04T15:50:24.453Z","afe94da460509c7b93673132eb40f228d9d4beeea0ab0ee7e989d96bc491eb46","200","glo-1","no_result"
"https://www.glo.or.th/api/lottery/getLatestLottery","{}","2026-10-05T19:49:11.069Z","a87d58f00495732a49d739852bacdcc60e66a21d1c26781f24f50f1fcbbde1c1","200","glo-1","unchanged"
"https://www.glo.or.th/api/checking/getLotteryResult","{""year"":""2022"",""month"":""12"",""date"":""16""}","2026-10-05T19:49:16.536Z","8a303c3568bb19fbebad1e8478f485aada49962f81a46800d51ef3c31f9f931c","200","glo-1","accepted"
"https://www.glo.or.th/api/checking/getLotteryResult","{""year"":""2022"",""month"":""12"",""date"":""02""}","2026-10-05T19:49:19.454Z","afe94da460509c7b93673132eb40f228d9d4beeea0ab0ee7e989d96bc491eb46","200","glo-1","no_result"
"https://www.glo.or.th/api/checking/getLotteryResult","{""year"":""2022"",""month"":""12"",""date"":""01""}","2026-10-05T19:49:22.294Z","5fccafb1a6ed1bf1f754fd2abba7627431e6cf86c1b12af5a2e980462ae7309b","200","glo-1","accepted"
"https://www.glo.or.th/api/checking/getLotteryResult","{""year"":""2022"",""month"":""11"",""date"":""17""}","2026-10-05T19:49:25.202Z","afe94da460509c7b93673132eb40f228d9d4beeea0ab0ee7e989d96bc491eb46","200","glo-1","no_result"
"https://www.glo.or.th/api/checking/getLotteryResult","{""year"":""2022"",""month"":""11"",""date"":""16""}","2026-10-05T19:49:28.031Z","65142dfd135b277126fb1bdd24d84643518b24af22300265ab50a28804bb60ef","200","glo-1","accepted"
"https://www.glo.or.th/api/checking/getLotteryResult","{""year"":""2022"",""month"":""11"",""date"":""02""}","2026-10-05T19:49:30.939Z","afe94da460509c7b93673132eb40f228d9d4beeea0ab0ee7e989d96bc491eb46","200","glo-1","no_result"
"https://www.glo.or.th/api/checking/getLotteryResult","{""year"":""2022"",""month"":""11"",""date"":""01""}","2026-10-05T19:49:33.775Z","4531158f3c1984820de55cb5e0692a7e26f79f77ca73ae9aed00d0bc2a061641","200","glo-1","accepted"
"https://www.glo.or.th/api/checking/getLotteryResult","{""year"":""2022"",""month"":""10"",""date"":""17""}","2026-10-05T19:49:36.672Z","afe94da460509c7b93673132eb40f228d9d4beeea0ab0ee7e989d96bc491eb46","200","glo-1","no_result"
"https://www.glo.or.th/api/checking/getLotteryResult","{""year"":""2022"",""month"":""10"",""date"":""16""}","2026-10-05T19:49:39.500Z","85abf4861d135bf12cee66c7d78916e990c7a75689cf47d9e228e9587c1171f1","200","glo-1","accepted"
"https://www.glo.or.th/api/checking/getLotteryResult","{""year"":""2022"",""month"":""10"",""date"":""02""}","2026-10-05T19:49:42.470Z","afe94da460509c7b93673132eb40f228d9d4beeea0ab0ee7e989d96bc491eb46","200","glo-1","no_result"
"https://www.glo.or.th/api/checking/getLotteryResult","{""year"":""2022"",""month"":""10"",""date"":""01""}","2026-10-05T19:49:45.278Z","f827c6b3e94d2fbf44b4ac1307cf566849a30064468d66a11fc6210ba4127d0f","200","glo-1","accepted"
"https://www.glo.or.th/api/checking/getLotteryResult","{""year"":""2022"",""month"":""09"",""date"":""17""}","2026-10-05T19:49:48.191Z","afe94da460509c7b93673132eb40f228d9d4beeea0ab0ee7e989d96bc491eb46","200","glo-1","no_result"