"date","trainEnd","model","phase","top20","runId","kind"
"2025-06-16","2025-06-01","uniform","validation","[""75"",""88"",""56"",""58"",""68"",""54"",""77"",""97"",""65"",""89"",""11"",""08"",""45"",""02"",""86"",""31"",""20"",""73"",""33"",""96""]","11d22e1f5c8bad8e","retrospective"
"2025-06-16","2025-06-01","frequency","validation","[""89"",""51"",""79"",""91"",""46"",""32"",""85"",""21"",""61"",""54"",""31"",""20"",""44"",""67"",""94"",""87"",""16"",""17"",""00"",""38""]","11d22e1f5c8bad8e","retrospective"
"2025-06-16","2025-06-01","recent","validation","[""51"",""32"",""54"",""20"",""94"",""87"",""00"",""38"",""28"",""85"",""06"",""59"",""50"",""37"",""21"",""36"",""23"",""61"",""75"",""88""]","11d22e1f5c8bad8e","retrospective"
"2025-06-16","2025-06-01","decay","validation","[""51"",""32"",""85"",""21"",""20"",""61"",""87"",""06"",""36"",""54"",""50"",""89"",""79"",""46"",""23"",""38"",""00"",""59"",""37"",""94""]","11d22e1f5c8bad8e","retrospective"
"2025-06-16","2025-06-01","position","validation","[""31"",""61"",""51"",""41"",""81"",""21"",""39"",""69"",""30"",""60"",""66"",""36"",""91"",""56"",""89"",""86"",""20"",""46"",""80"",""49""]","11d22e1f5c8bad8e","retrospective"
"2025-06-16","2025-06-01","markov","validation","[""52"",""56"",""54"",""92"",""42"",""59"",""96"",""44"",""94"",""46"",""99"",""49"",""58"",""02"",""12"",""53"",""51"",""22"",""72"",""32""]","11d22e1f5c8bad8e","retrospective"
"2025-06-16","2025-06-01","sum","validation","[""89"",""00"",""98"",""41"",""05"",""32"",""14"",""50"",""23"",""12"",""03"",""30"",""21"",""33"",""51"",""15"",""06"",""24"",""42"",""60""]","11d22e1f5c8bad8e","retrospective"
"2025-06-16","2025-06-01","ensemble","validation","[""61"",""21"",""51"",""91"",""89"",""31"",""32"",""46"",""30"",""60"",""36"",""79"",""50"",""66"",""41"",""85"",""67"",""37"",""00"",""20""]","11d22e1f5c8bad8e","retrospective"
"2025-06-16","2025-06-01","fixed","validation","[""00"",""01"",""02"",""03"",""04"",""05"",""06"",""07"",""08"",""09"",""10"",""11"",""12"",""13"",""14"",""15"",""16"",""17"",""18"",""19""]","11d22e1f5c8bad8e","retrospective"
"2025-06-16","2025-06-01","random1","validation","[""10"",""63"",""95"",""20"",""87"",""97"",""58"",""31"",""23"",""73"",""07"",""69"",""72"",""32"",""47"",""04"",""94"",""38"",""17"",""71""]","11d22e1f5c8bad8e","retrospective"
"2025-06-16","2025-06-01","random2","validation","[""54"",""95"",""48"",""04"",""33"",""07"",""75"",""55"",""16"",""87"",""40"",""61"",""60"",""45"",""22"",""26"",""91"",""81"",""14"",""13""]","11d22e1f5c8bad8e","retrospective"
"2025-06-16","2025-06-01","random3","validation","[""40"",""88"",""78"",""32"",""15"",""63"",""34"",""33"",""28"",""03"",""93"",""41"",""50"",""17"",""51"",""82"",""98"",""80"",""12"",""06""]","11d22e1f5c8bad8e","retrospective"
"2025-07-01","2025-06-16","uniform","validation","[""75"",""88"",""56"",""58"",""68"",""54"",""77"",""97"",""65"",""89"",""11"",""08"",""45"",""02"",""86"",""31"",""20"",""73"",""33"",""96""]","11d22e1f5c8bad8e","retrospective"
"2025-07-01","2025-06-16","frequency","validation","[""89"",""51"",""79"",""91"",""46"",""32"",""85"",""06"",""21"",""61"",""54"",""31"",""20"",""44"",""67"",""94"",""87"",""16"",""17"",""00""]","11d22e1f5c8bad8e","retrospective"
"2025-07-01","2025-06-16","recent","validation","[""51"",""32"",""06"",""54"",""20"",""94"",""87"",""00"",""38"",""85"",""59"",""50"",""37"",""21"",""36"",""23"",""61"",""75"",""88"",""56""]","11d22e1f5c8bad8e","retrospective"
"2025-07-01","2025-06-16","decay","validation","[""06"",""51"",""32"",""85"",""21"",""20"",""61"",""87"",""36"",""54"",""50"",""89"",""79"",""46"",""23"",""38"",""00"",""59"",""37"",""94""]","11d22e1f5c8bad8e","retrospective"
"2025-07-01","2025-06-16","position","validation","[""31"",""61"",""66"",""36"",""51"",""41"",""81"",""21"",""39"",""69"",""30"",""60"",""91"",""01"",""56"",""86"",""46"",""26"",""89"",""20""]","11d22e1f5c8bad8e","retrospective"
"2025-07-01","2025-06-16","markov","validation","[""88"",""45"",""86"",""44"",""87"",""38"",""46"",""32"",""35"",""85"",""82"",""34"",""84"",""48"",""42"",""47"",""37"",""36"",""75"",""56""]","11d22e1f5c8bad8e","retrospective"
"2025-07-01","2025-06-16","sum","validation","[""89"",""00"",""98"",""33"",""51"",""15"",""06"",""24"",""42"",""60"",""41"",""05"",""32"",""14"",""50"",""23"",""12"",""03"",""30"",""21""]","11d22e1f5c8bad8e","retrospective"
"2025-07-01","2025-06-16","ensemble","validation","[""61"",""51"",""21"",""91"",""89"",""46"",""31"",""06"",""32"",""60"",""36"",""30"",""66"",""79"",""50"",""00"",""41"",""85"",""67"",""37""]","11d22e1f5c8bad8e","retrospective"
"2025-07-01","2025-06-16","fixed","validation","[""00"",""01"",""02"",""03"",""04"",""05"",""06"",""07"",""08"",""09"",""10"",""11"",""12"",""13"",""14"",""15"",""16"",""17"",""18"",""19""]","11d22e1f5c8bad8e","retrospective"
"2025-07-01","2025-06-16","random1","validation","[""77"",""08"",""38"",""28"",""62"",""43"",""98"",""54"",""45"",""60"",""93"",""30"",""73"",""44"",""32"",""53"",""11"",""49"",""59"",""25""]","11d22e1f5c8bad8e","retrospective"
"2025-07-01","2025-06-16","random2","validation","[""94"",""20"",""45"",""10"",""47"",""06"",""54"",""05"",""49"",""28"",""87"",""66"",""92"",""97"",""07"",""59"",""36"",""02"",""13"",""88""]","11d22e1f5c8bad8e","retrospective"
"2025-07-01","2025-06-16","random3","validation","[""53"",""70"",""03"",""56"",""71"",""35"",""92"",""40"",""37"",""50"",""44"",""82"",""94"",""05"",""16"",""00"",""98"",""54"",""51"",""32""]","11d22e1f5c8bad8e","retrospective"
"2025-07-16","2025-07-01","uniform","validation","[""75"",""88"",""56"",""58"",""68"",""54"",""77"",""97"",""65"",""89"",""11"",""08"",""45"",""02"",""86"",""31"",""20"",""73"",""33"",""96""]","11d22e1f5c8bad8e","retrospective"
"2025-07-16","2025-07-01","frequency","validation","[""91"",""89"",""51"",""79"",""46"",""32"",""85"",""06"",""21"",""61"",""54"",""31"",""20"",""44"",""67"",""94"",""87"",""16"",""17"",""00""]","11d22e1f5c8bad8e","retrospective"
"2025-07-16","2025-07-01","recent","validation","[""51"",""32"",""06"",""54"",""20"",""87"",""00"",""38"",""91"",""85"",""59"",""50"",""37"",""21"",""36"",""23"",""61"",""75"",""88"",""56""]","11d22e1f5c8bad8e","retrospective"
"2025-07-16","2025-07-01","decay","validation","[""06"",""91"",""51"",""32"",""85"",""21"",""20"",""61"",""87"",""36"",""54"",""50"",""89"",""79"",""46"",""23"",""38"",""00"",""59"",""37""]","11d22e1f5c8bad8e","retrospective"
"2025-07-16","2025-07-01","position","validation","[""31"",""61"",""51"",""41"",""81"",""91"",""21"",""66"",""36"",""39"",""69"",""30"",""60"",""01"",""56"",""86"",""96"",""46"",""26"",""11""]","11d22e1f5c8bad8e","retrospective"
"2025-07-16","2025-07-01","markov","validation","[""89"",""86"",""31"",""41"",""39"",""81"",""79"",""76"",""46"",""49"",""71"",""36"",""75"",""45"",""73"",""33"",""83"",""70"",""35"",""85""]","11d22e1f5c8bad8e","retrospective"
"2025-07-16","2025-07-01","sum","validation","[""89"",""00"",""98"",""33"",""51"",""15"",""06"",""24"",""42"",""60"",""41"",""05"",""32"",""14"",""50"",""23"",""73"",""64"",""91"",""28""]","11d22e1f5c8bad8e","retrospective"
"2025-07-16","2025-07-01","ensemble","validation","[""91"",""61"",""51"",""21"",""31"",""46"",""89"",""06"",""32"",""60"",""36"",""30"",""66"",""79"",""41"",""50"",""00"",""37"",""85"",""67""]","11d22e1f5c8bad8e","retrospective"
"2025-07-16","2025-07-01","fixed","validation","[""00"",""01"",""02"",""03"",""04"",""05"",""06"",""07"",""08"",""09"",""10"",""11"",""12"",""13"",""14"",""15"",""16"",""17"",""18"",""19""]","11d22e1f5c8bad8e","retrospective"
"2025-07-16","2025-07-01","random1","validation","[""57"",""36"",""56"",""30"",""64"",""29"",""07"",""35"",""33"",""06"",""59"",""83"",""08"",""14"",""88"",""69"",""22"",""85"",""20"",""09""]","11d22e1f5c8bad8e","retrospective"
"2025-07-16","2025-07-01","random2","validation","[""76"",""68"",""27"",""04"",""79"",""05"",""86"",""55"",""50"",""62"",""74"",""72"",""85"",""59"",""31"",""09"",""34"",""92"",""13"",""97""]","11d22e1f5c8bad8e","retrospective"
"2025-07-16","2025-07-01","random3","validation","[""30"",""52"",""87"",""04"",""89"",""00"",""86"",""09"",""53"",""15"",""16"",""74"",""73"",""41"",""98"",""22"",""08"",""20"",""35"",""56""]","11d22e1f5c8bad8e","retrospective"
"2025-08-01","2025-07-16","uniform","validation","[""75"",""88"",""56"",""58"",""68"",""54"",""77"",""97"",""65"",""89"",""11"",""08"",""45"",""02"",""86"",""31"",""20"",""73"",""33"",""96""]","11d22e1f5c8bad8e","retrospective"
"2025-08-01","2025-07-16","frequency","validation","[""91"",""89"",""51"",""79"",""46"",""32"",""85"",""06"",""21"",""61"",""54"",""31"",""20"",""44"",""67"",""94"",""87"",""16"",""17"",""00""]","11d22e1f5c8bad8e","retrospective"
"2025-08-01","2025-07-16","recent","validation","[""51"",""32"",""06"",""54"",""20"",""87"",""00"",""38"",""91"",""85"",""26"",""59"",""50"",""21"",""36"",""23"",""61"",""75"",""88"",""56""]","11d22e1f5c8bad8e","retrospective"
"2025-08-01","2025-07-16","decay","validation","[""06"",""91"",""51"",""32"",""85"",""21"",""26"",""20"",""61"",""87"",""36"",""54"",""50"",""89"",""79"",""46"",""23"",""38"",""00"",""59""]","11d22e1f5c8bad8e","retrospective"
"2025-08-01","2025-07-16","position","validation","[""31"",""61"",""21"",""66"",""36"",""51"",""41"",""81"",""91"",""26"",""39"",""69"",""30"",""60"",""01"",""56"",""86"",""96"",""46"",""20""]","11d22e1f5c8bad8e","retrospective"
"2025-08-01","2025-07-16","markov","validation","[""56"",""58"",""54"",""52"",""51"",""57"",""55"",""97"",""08"",""45"",""02"",""96"",""44"",""94"",""41"",""07"",""91"",""05"",""46"",""01""]","11d22e1f5c8bad8e","retrospective"
"2025-08-01","2025-07-16","sum","validation","[""89"",""00"",""98"",""33"",""51"",""15"",""06"",""24"",""42"",""60"",""41"",""05"",""32"",""14"",""50"",""23"",""73"",""64"",""91"",""28""]","11d22e1f5c8bad8e","retrospective"
"2025-08-01","2025-07-16","ensemble","validation","[""91"",""61"",""21"",""51"",""46"",""31"",""89"",""06"",""32"",""36"",""60"",""66"",""30"",""26"",""79"",""41"",""50"",""00"",""37"",""85""]","11d22e1f5c8bad8e","retrospective"
"2025-08-01","2025-07-16","fixed","validation","[""00"",""01"",""02"",""03"",""04"",""05"",""06"",""07"",""08"",""09"",""10"",""11"",""12"",""13"",""14"",""15"",""16"",""17"",""18"",""19""]","11d22e1f5c8bad8e","retrospective"
"2025-08-01","2025-07-16","random1","validation","[""53"",""22"",""68"",""26"",""20"",""64"",""57"",""69"",""02"",""85"",""88"",""52"",""31"",""51"",""16"",""19"",""93"",""34"",""81"",""47""]","11d22e1f5c8bad8e","retrospective"
"2025-08-01","2025-07-16","random2","validation","[""79"",""01"",""96"",""27"",""18"",""44"",""37"",""31"",""24"",""04"",""36"",""23"",""89"",""39"",""68"",""55"",""94"",""53"",""80"",""33""]","11d22e1f5c8bad8e","retrospective"
"2025-08-01","2025-07-16","random3","validation","[""67"",""14"",""01"",""74"",""90"",""17"",""72"",""43"",""68"",""49"",""50"",""85"",""48"",""41"",""78"",""46"",""56"",""92"",""42"",""30""]","11d22e1f5c8bad8e","retrospective"
"2025-08-16","2025-08-01","uniform","validation","[""75"",""88"",""56"",""58"",""68"",""54"",""77"",""97"",""65"",""89"",""11"",""08"",""45"",""02"",""86"",""31"",""20"",""73"",""33"",""96""]","11d22e1f5c8bad8e","retrospective"
"2025-08-16","2025-08-01","frequency","validation","[""91"",""89"",""51"",""79"",""46"",""32"",""85"",""06"",""50"",""21"",""61"",""54"",""31"",""20"",""44"",""67"",""94"",""87"",""16"",""17""]","11d22e1f5c8bad8e","retrospective"
"2025-08-16","2025-08-01","recent","validation","[""51"",""32"",""06"",""50"",""54"",""20"",""87"",""00"",""38"",""91"",""85"",""26"",""21"",""36"",""23"",""61"",""75"",""88"",""56"",""58""]","11d22e1f5c8bad8e","retrospective"
"2025-08-16","2025-08-01","decay","validation","[""06"",""50"",""91"",""51"",""32"",""85"",""21"",""26"",""20"",""61"",""87"",""36"",""54"",""89"",""79"",""46"",""23"",""38"",""00"",""59""]","11d22e1f5c8bad8e","retrospective"
"2025-08-16","2025-08-01","position","validation","[""31"",""61"",""51"",""21"",""66"",""36"",""41"",""81"",""91"",""30"",""60"",""56"",""26"",""20"",""39"",""69"",""50"",""01"",""86"",""96""]","11d22e1f5c8bad8e","retrospective"
"2025-08-16","2025-08-01","markov","validation","[""56"",""52"",""54"",""02"",""22"",""32"",""06"",""26"",""59"",""36"",""39"",""09"",""34"",""24"",""04"",""29"",""58"",""86"",""96"",""12""]","11d22e1f5c8bad8e","retrospective"
"2025-08-16","2025-08-01","sum","validation","[""89"",""41"",""00"",""05"",""32"",""14"",""98"",""50"",""23"",""33"",""51"",""15"",""06"",""24"",""42"",""60"",""73"",""64"",""91"",""28""]","11d22e1f5c8bad8e","retrospective"
"2025-08-16","2025-08-01","ensemble","validation","[""91"",""61"",""51"",""21"",""50"",""46"",""31"",""89"",""06"",""32"",""60"",""36"",""30"",""66"",""26"",""79"",""41"",""00"",""20"",""90""]","11d22e1f5c8bad8e","retrospective"
"2025-08-16","2025-08-01","fixed","validation","[""00"",""01"",""02"",""03"",""04"",""05"",""06"",""07"",""08"",""09"",""10"",""11"",""12"",""13"",""14"",""15"",""16"",""17"",""18"",""19""]","11d22e1f5c8bad8e","retrospective"
"2025-08-16","2025-08-01","random1","validation","[""07"",""48"",""28"",""94"",""99"",""70"",""21"",""66"",""22"",""89"",""38"",""63"",""80"",""44"",""42"",""88"",""98"",""17"",""78"",""08""]","11d22e1f5c8bad8e","retrospective"
"2025-08-16","2025-08-01","random2","validation","[""35"",""41"",""70"",""42"",""26"",""74"",""45"",""40"",""28"",""49"",""47"",""62"",""66"",""05"",""53"",""87"",""30"",""90"",""85"",""00""]","11d22e1f5c8bad8e","retrospective"
"2025-08-16","2025-08-01","random3","validation","[""36"",""67"",""65"",""56"",""40"",""50"",""32"",""96"",""35"",""20"",""93"",""78"",""63"",""83"",""89"",""69"",""11"",""77"",""18"",""51""]","11d22e1f5c8bad8e","retrospective"
"2025-09-01","2025-08-16","uniform","validation","[""75"",""88"",""56"",""58"",""68"",""54"",""77"",""97"",""65"",""89"",""11"",""08"",""45"",""02"",""86"",""31"",""20"",""73"",""33"",""96""]","11d22e1f5c8bad8e","retrospective"
"2025-09-01","2025-08-16","frequency","validation","[""91"",""89"",""51"",""79"",""46"",""32"",""63"",""85"",""06"",""50"",""21"",""61"",""54"",""31"",""20"",""44"",""67"",""94"",""87"",""16""]","11d22e1f5c8bad8e","retrospective"
"2025-09-01","2025-08-16","recent","validation","[""51"",""32"",""06"",""50"",""54"",""20"",""87"",""38"",""91"",""63"",""85"",""26"",""21"",""36"",""23"",""61"",""75"",""88"",""56"",""58""]","11d22e1f5c8bad8e","retrospective"
"2025-09-01","2025-08-16","decay","validation","[""06"",""50"",""91"",""51"",""63"",""32"",""85"",""21"",""26"",""20"",""61"",""87"",""36"",""54"",""89"",""79"",""46"",""23"",""38"",""00""]","11d22e1f5c8bad8e","retrospective"
"2025-09-01","2025-08-16","position","validation","[""61"",""31"",""66"",""51"",""21"",""60"",""36"",""41"",""81"",""91"",""30"",""56"",""69"",""26"",""20"",""39"",""50"",""01"",""86"",""96""]","11d22e1f5c8bad8e","retrospective"
"2025-09-01","2025-08-16","markov","validation","[""44"",""41"",""49"",""11"",""94"",""64"",""91"",""99"",""09"",""19"",""01"",""69"",""24"",""14"",""04"",""21"",""29"",""61"",""45"",""46""]","11d22e1f5c8bad8e","retrospective"
"2025-09-01","2025-08-16","sum","validation","[""89"",""41"",""00"",""05"",""32"",""14"",""98"",""50"",""23"",""33"",""51"",""15"",""06"",""24"",""42"",""60"",""73"",""64"",""91"",""28""]","11d22e1f5c8bad8e","retrospective"
"2025-09-01","2025-08-16","ensemble","validation","[""61"",""91"",""51"",""21"",""50"",""46"",""60"",""31"",""89"",""06"",""32"",""36"",""63"",""66"",""30"",""26"",""79"",""41"",""00"",""20""]","11d22e1f5c8bad8e","retrospective"
"2025-09-01","2025-08-16","fixed","validation","[""00"",""01"",""02"",""03"",""04"",""05"",""06"",""07"",""08"",""09"",""10"",""11"",""12"",""13"",""14"",""15"",""16"",""17"",""18"",""19""]","11d22e1f5c8bad8e","retrospective"
"2025-09-01","2025-08-16","random1","validation","[""87"",""63"",""34"",""42"",""29"",""54"",""70"",""20"",""56"",""27"",""74"",""38"",""33"",""81"",""13"",""77"",""92"",""41"",""65"",""28""]","11d22e1f5c8bad8e","retrospective"
"2025-09-01","2025-08-16","random2","validation","[""41"",""06"",""51"",""74"",""45"",""13"",""66"",""68"",""67"",""95"",""29"",""23"",""07"",""38"",""00"",""99"",""24"",""90"",""43"",""50""]","11d22e1f5c8bad8e","retrospective"
"2025-09-01","2025-08-16","random3","validation","[""11"",""83"",""75"",""30"",""77"",""65"",""45"",""07"",""38"",""28"",""71"",""56"",""94"",""06"",""59"",""44"",""05"",""25"",""34"",""67""]","11d22e1f5c8bad8e","retrospective"
"2025-09-16","2025-09-01","uniform","validation","[""75"",""88"",""56"",""58"",""68"",""54"",""77"",""97"",""65"",""89"",""11"",""08"",""45"",""02"",""86"",""31"",""20"",""73"",""33"",""96""]","11d22e1f5c8bad8e","retrospective"
"2025-09-16","2025-09-01","frequency","validation","[""91"",""89"",""31"",""51"",""79"",""46"",""32"",""63"",""85"",""06"",""50"",""21"",""61"",""54"",""20"",""44"",""67"",""94"",""87"",""16""]","11d22e1f5c8bad8e","retrospective"
"2025-09-16","2025-09-01","recent","validation","[""51"",""06"",""50"",""54"",""31"",""20"",""87"",""38"",""91"",""32"",""63"",""85"",""26"",""21"",""36"",""23"",""61"",""75"",""88"",""56""]","11d22e1f5c8bad8e","retrospective"
"2025-09-16","2025-09-01","decay","validation","[""06"",""50"",""31"",""91"",""51"",""63"",""32"",""85"",""21"",""26"",""20"",""61"",""87"",""36"",""54"",""89"",""79"",""46"",""23"",""38""]","11d22e1f5c8bad8e","retrospective"
"2025-09-16","2025-09-01","position","validation","[""31"",""61"",""51"",""21"",""66"",""36"",""41"",""81"",""91"",""30"",""60"",""56"",""39"",""69"",""26"",""01"",""20"",""50"",""86"",""96""]","11d22e1f5c8bad8e","retrospective"
"2025-09-16","2025-09-01","markov","validation","[""86"",""36"",""89"",""31"",""39"",""81"",""56"",""16"",""66"",""33"",""83"",""35"",""85"",""80"",""30"",""11"",""51"",""19"",""69"",""59""]","11d22e1f5c8bad8e","retrospective"
"2025-09-16","2025-09-01","sum","validation","[""89"",""41"",""00"",""05"",""32"",""14"",""98"",""50"",""23"",""33"",""51"",""15"",""06"",""24"",""42"",""60"",""73"",""64"",""91"",""28""]","11d22e1f5c8bad8e","retrospective"
"2025-09-16","2025-09-01","ensemble","validation","[""61"",""31"",""91"",""51"",""21"",""50"",""46"",""32"",""36"",""60"",""89"",""06"",""30"",""63"",""66"",""26"",""41"",""79"",""00"",""37""]","11d22e1f5c8bad8e","retrospective"
"2025-09-16","2025-09-01","fixed","validation","[""00"",""01"",""02"",""03"",""04"",""05"",""06"",""07"",""08"",""09"",""10"",""11"",""12"",""13"",""14"",""15"",""16"",""17"",""18"",""19""]","11d22e1f5c8bad8e","retrospective"
"2025-09-16","2025-09-01","random1","validation","[""05"",""35"",""71"",""86"",""24"",""57"",""20"",""04"",""69"",""08"",""80"",""11"",""55"",""56"",""00"",""21"",""85"",""15"",""28"",""61""]","11d22e1f5c8bad8e","retrospective"
"2025-09-16","2025-09-01","random2","validation","[""20"",""93"",""11"",""06"",""22"",""89"",""46"",""60"",""90"",""50"",""36"",""17"",""01"",""57"",""76"",""97"",""13"",""31"",""98"",""69""]","11d22e1f5c8bad8e","retrospective"
"2025-09-16","2025-09-01","random3","validation","[""45"",""34"",""80"",""07"",""66"",""21"",""67"",""83"",""97"",""30"",""69"",""42"",""48"",""06"",""20"",""75"",""31"",""25"",""60"",""50""]","11d22e1f5c8bad8e","retrospective"
"2025-10-01","2025-09-16","uniform","validation","[""75"",""88"",""56"",""58"",""68"",""54"",""77"",""97"",""65"",""89"",""11"",""08"",""45"",""02"",""86"",""31"",""20"",""73"",""33"",""96""]","11d22e1f5c8bad8e","retrospective"
"2025-10-01","2025-09-16","frequency","validation","[""91"",""89"",""31"",""51"",""79"",""46"",""32"",""63"",""85"",""06"",""50"",""21"",""61"",""58"",""54"",""20"",""44"",""67"",""94"",""87""]","11d22e1f5c8bad8e","retrospective"
"2025-10-01","2025-09-16","recent","validation","[""51"",""06"",""50"",""58"",""54"",""31"",""20"",""87"",""91"",""32"",""63"",""85"",""26"",""21"",""36"",""23"",""61"",""75"",""88"",""56""]","11d22e1f5c8bad8e","retrospective"
"2025-10-01","2025-09-16","decay","validation","[""06"",""50"",""31"",""91"",""51"",""63"",""32"",""58"",""85"",""21"",""26"",""20"",""61"",""87"",""36"",""54"",""89"",""79"",""46"",""23""]","11d22e1f5c8bad8e","retrospective"
"2025-10-01","2025-09-16","position","validation","[""31"",""61"",""51"",""21"",""66"",""36"",""56"",""41"",""81"",""91"",""30"",""60"",""50"",""39"",""69"",""26"",""01"",""20"",""59"",""86""]","11d22e1f5c8bad8e","retrospective"
"2025-10-01","2025-09-16","markov","validation","[""54"",""51"",""50"",""31"",""20"",""64"",""00"",""01"",""34"",""24"",""04"",""30"",""60"",""21"",""61"",""56"",""58"",""53"",""52"",""57""]","11d22e1f5c8bad8e","retrospective"
"2025-10-01","2025-09-16","sum","validation","[""89"",""00"",""98"",""41"",""05"",""32"",""14"",""50"",""23"",""33"",""51"",""15"",""06"",""24"",""42"",""60"",""58"",""67"",""94"",""76""]","11d22e1f5c8bad8e","retrospective"
"2025-10-01","2025-09-16","ensemble","validation","[""61"",""91"",""51"",""31"",""21"",""50"",""46"",""32"",""36"",""89"",""60"",""06"",""30"",""63"",""66"",""26"",""79"",""41"",""67"",""85""]","11d22e1f5c8bad8e","retrospective"
"2025-10-01","2025-09-16","fixed","validation","[""00"",""01"",""02"",""03"",""04"",""05"",""06"",""07"",""08"",""09"",""10"",""11"",""12"",""13"",""14"",""15"",""16"",""17"",""18"",""19""]","11d22e1f5c8bad8e","retrospective"
"2025-10-01","2025-09-16","random1","validation","[""59"",""93"",""94"",""06"",""90"",""19"",""45"",""77"",""70"",""31"",""11"",""14"",""92"",""27"",""81"",""12"",""17"",""07"",""30"",""25""]","11d22e1f5c8bad8e","retrospective"
"2025-10-01","2025-09-16","random2","validation","[""35"",""45"",""67"",""53"",""32"",""85"",""71"",""30"",""61"",""96"",""09"",""99"",""41"",""68"",""74"",""49"",""95"",""75"",""38"",""28""]","11d22e1f5c8bad8e","retrospective"
"2025-10-01","2025-09-16","random3","validation","[""89"",""76"",""67"",""16"",""86"",""14"",""66"",""18"",""30"",""52"",""80"",""75"",""85"",""41"",""01"",""93"",""99"",""42"",""21"",""88""]","11d22e1f5c8bad8e","retrospective"
"2025-10-16","2025-10-01","uniform","validation","[""75"",""88"",""56"",""58"",""68"",""54"",""77"",""97"",""65"",""89"",""11"",""08"",""45"",""02"",""86"",""31"",""20"",""73"",""33"",""96""]","11d22e1f5c8bad8e","retrospective"
"2025-10-16","2025-10-01","frequency","validation","[""91"",""89"",""31"",""51"",""79"",""46"",""32"",""63"",""85"",""06"",""50"",""21"",""61"",""58"",""54"",""77"",""20"",""44"",""67"",""94""]","11d22e1f5c8bad8e","retrospective"
"2025-10-16","2025-10-01","recent","validation","[""51"",""06"",""50"",""58"",""54"",""77"",""31"",""20"",""87"",""91"",""32"",""63"",""85"",""26"",""21"",""36"",""23"",""75"",""88"",""56""]","11d22e1f5c8bad8e","retrospective"
"2025-10-16","2025-10-01","decay","validation","[""06"",""50"",""31"",""91"",""51"",""63"",""32"",""77"",""58"",""85"",""21"",""26"",""20"",""61"",""87"",""36"",""54"",""89"",""79"",""46""]","11d22e1f5c8bad8e","retrospective"
"2025-10-16","2025-10-01","position","validation","[""31"",""61"",""51"",""21"",""66"",""36"",""56"",""41"",""81"",""91"",""30"",""60"",""50"",""39"",""69"",""26"",""01"",""71"",""20"",""59""]","11d22e1f5c8bad8e","retrospective"
"2025-10-16","2025-10-01","markov","validation","[""70"",""90"",""10"",""11"",""79"",""91"",""99"",""19"",""71"",""20"",""00"",""80"",""40"",""30"",""60"",""50"",""75"",""77"",""97"",""89""]","11d22e1f5c8bad8e","retrospective"
"2025-10-16","2025-10-01","sum","validation","[""89"",""41"",""00"",""05"",""32"",""14"",""98"",""50"",""23"",""33"",""51"",""15"",""06"",""24"",""42"",""60"",""58"",""67"",""94"",""76""]","11d22e1f5c8bad8e","retrospective"
"2025-10-16","2025-10-01","ensemble","validation","[""61"",""91"",""51"",""31"",""21"",""50"",""46"",""32"",""36"",""89"",""06"",""60"",""30"",""63"",""66"",""79"",""67"",""37"",""26"",""41""]","11d22e1f5c8bad8e","retrospective"
"2025-10-16","2025-10-01","fixed","validation","[""00"",""01"",""02"",""03"",""04"",""05"",""06"",""07"",""08"",""09"",""10"",""11"",""12"",""13"",""14"",""15"",""16"",""17"",""18"",""19""]","11d22e1f5c8bad8e","retrospective"
"2025-10-16","2025-10-01","random1","validation","[""37"",""39"",""16"",""12"",""58"",""19"",""82"",""93"",""67"",""81"",""05"",""53"",""62"",""15"",""87"",""57"",""59"",""47"",""23"",""40""]","11d22e1f5c8bad8e","retrospective"
"2025-10-16","2025-10-01","random2","validation","[""46"",""54"",""41"",""60"",""74"",""82"",""11"",""97"",""23"",""24"",""50"",""76"",""70"",""29"",""84"",""90"",""26"",""02"",""75"",""88""]","11d22e1f5c8bad8e","retrospective"
"2025-10-16","2025-10-01","random3","validation","[""96"",""23"",""47"",""98"",""07"",""56"",""36"",""45"",""12"",""39"",""18"",""49"",""42"",""66"",""85"",""43"",""01"",""22"",""69"",""58""]","11d22e1f5c8bad8e","retrospective"
"2025-11-01","2025-10-16","uniform","validation","[""75"",""88"",""56"",""58"",""68"",""54"",""77"",""97"",""65"",""89"",""11"",""08"",""45"",""02"",""86"",""31"",""20"",""73"",""33"",""96""]","11d22e1f5c8bad8e","retrospective"
"2025-11-01","2025-10-16","frequency","validation","[""91"",""61"",""89"",""31"",""51"",""79"",""46"",""32"",""63"",""85"",""06"",""50"",""21"",""58"",""54"",""77"",""20"",""44"",""67"",""94""]","11d22e1f5c8bad8e","retrospective"
"2025-11-01","2025-10-16","recent","validation","[""51"",""06"",""50"",""58"",""54"",""77"",""31"",""20"",""87"",""91"",""32"",""63"",""85"",""26"",""36"",""23"",""61"",""75"",""88"",""56""]","11d22e1f5c8bad8e","retrospective"
"2025-11-01","2025-10-16","decay","validation","[""61"",""06"",""50"",""31"",""91"",""51"",""63"",""32"",""77"",""58"",""85"",""21"",""26"",""20"",""87"",""36"",""54"",""89"",""79"",""46""]","11d22e1f5c8bad8e","retrospective"
"2025-11-01","2025-10-16","position","validation","[""61"",""31"",""51"",""21"",""66"",""36"",""60"",""41"",""81"",""91"",""56"",""30"",""69"",""01"",""71"",""50"",""39"",""26"",""67"",""20""]","11d22e1f5c8bad8e","retrospective"
"2025-11-01","2025-10-16","markov","validation","[""46"",""41"",""49"",""96"",""16"",""06"",""26"",""66"",""36"",""11"",""45"",""31"",""39"",""91"",""99"",""09"",""19"",""01"",""43"",""48""]","11d22e1f5c8bad8e","retrospective"
"2025-11-01","2025-10-16","sum","validation","[""41"",""05"",""32"",""14"",""50"",""23"",""89"",""00"",""98"",""33"",""51"",""15"",""06"",""24"",""42"",""60"",""58"",""67"",""94"",""76""]","11d22e1f5c8bad8e","retrospective"
"2025-11-01","2025-10-16","ensemble","validation","[""61"",""31"",""51"",""91"",""21"",""50"",""60"",""46"",""32"",""89"",""36"",""06"",""63"",""66"",""30"",""67"",""79"",""41"",""37"",""26""]","11d22e1f5c8bad8e","retrospective"
"2025-11-01","2025-10-16","fixed","validation","[""00"",""01"",""02"",""03"",""04"",""05"",""06"",""07"",""08"",""09"",""10"",""11"",""12"",""13"",""14"",""15"",""16"",""17"",""18"",""19""]","11d22e1f5c8bad8e","retrospective"
"2025-11-01","2025-10-16","random1","validation","[""38"",""73"",""58"",""00"",""42"",""74"",""55"",""93"",""83"",""85"",""37"",""45"",""76"",""27"",""62"",""26"",""64"",""43"",""40"",""12""]","11d22e1f5c8bad8e","retrospective"
"2025-11-01","2025-10-16","random2","validation","[""40"",""35"",""94"",""26"",""54"",""15"",""80"",""82"",""78"",""91"",""32"",""59"",""10"",""98"",""33"",""89"",""17"",""31"",""90"",""87""]","11d22e1f5c8bad8e","retrospective"
"2025-11-01","2025-10-16","random3","validation","[""64"",""01"",""72"",""74"",""09"",""63"",""49"",""47"",""62"",""42"",""41"",""88"",""02"",""31"",""32"",""12"",""89"",""19"",""04"",""80""]","11d22e1f5c8bad8e","retrospective"
"2025-11-16","2025-11-01","uniform","validation","[""75"",""88"",""56"",""58"",""68"",""54"",""77"",""97"",""65"",""89"",""11"",""08"",""45"",""02"",""86"",""31"",""20"",""73"",""33"",""96""]","11d22e1f5c8bad8e","retrospective"
"2025-11-16","2025-11-01","frequency","validation","[""91"",""61"",""89"",""31"",""87"",""51"",""79"",""46"",""32"",""63"",""85"",""06"",""50"",""21"",""58"",""54"",""77"",""20"",""44"",""67""]","11d22e1f5c8bad8e","retrospective"
"2025-11-16","2025-11-01","recent","validation","[""87"",""06"",""50"",""58"",""54"",""77"",""31"",""20"",""51"",""91"",""32"",""63"",""85"",""26"",""36"",""23"",""61"",""75"",""88"",""56""]","11d22e1f5c8bad8e","retrospective"
"2025-11-16","2025-11-01","decay","validation","[""87"",""61"",""06"",""50"",""31"",""91"",""51"",""63"",""32"",""77"",""58"",""85"",""21"",""26"",""20"",""36"",""54"",""89"",""79"",""46""]","11d22e1f5c8bad8e","retrospective"
"2025-11-16","2025-11-01","position","validation","[""61"",""31"",""51"",""81"",""21"",""66"",""36"",""60"",""41"",""91"",""56"",""30"",""67"",""69"",""01"",""71"",""50"",""86"",""39"",""26""]","11d22e1f5c8bad8e","retrospective"
"2025-11-16","2025-11-01","markov","validation","[""20"",""21"",""00"",""81"",""01"",""80"",""60"",""29"",""61"",""89"",""09"",""69"",""11"",""31"",""27"",""70"",""51"",""41"",""22"",""91""]","11d22e1f5c8bad8e","retrospective"
"2025-11-16","2025-11-01","sum","validation","[""89"",""00"",""98"",""41"",""05"",""32"",""14"",""50"",""23"",""33"",""51"",""15"",""06"",""24"",""42"",""60"",""58"",""67"",""94"",""76""]","11d22e1f5c8bad8e","retrospective"
"2025-11-16","2025-11-01","ensemble","validation","[""61"",""91"",""51"",""31"",""21"",""50"",""89"",""46"",""60"",""32"",""87"",""36"",""06"",""63"",""66"",""67"",""30"",""37"",""79"",""81""]","11d22e1f5c8bad8e","retrospective"
"2025-11-16","2025-11-01","fixed","validation","[""00"",""01"",""02"",""03"",""04"",""05"",""06"",""07"",""08"",""09"",""10"",""11"",""12"",""13"",""14"",""15"",""16"",""17"",""18"",""19""]","11d22e1f5c8bad8e","retrospective"
"2025-11-16","2025-11-01","random1","validation","[""07"",""25"",""55"",""29"",""03"",""84"",""62"",""46"",""56"",""93"",""86"",""72"",""68"",""30"",""44"",""19"",""40"",""96"",""60"",""57""]","11d22e1f5c8bad8e","retrospective"
"2025-11-16","2025-11-01","random2","validation","[""86"",""01"",""72"",""98"",""65"",""62"",""30"",""84"",""85"",""19"",""56"",""94"",""43"",""66"",""42"",""71"",""03"",""27"",""34"",""07""]","11d22e1f5c8bad8e","retrospective"
"2025-11-16","2025-11-01","random3","validation","[""17"",""45"",""23"",""28"",""51"",""82"",""58"",""62"",""63"",""76"",""67"",""11"",""61"",""69"",""87"",""75"",""90"",""02"",""64"",""48""]","11d22e1f5c8bad8e","retrospective"
"2025-12-01","2025-11-16","uniform","validation","[""75"",""88"",""56"",""58"",""68"",""54"",""77"",""97"",""65"",""89"",""11"",""08"",""45"",""02"",""86"",""31"",""20"",""73"",""33"",""96""]","11d22e1f5c8bad8e","retrospective"
"2025-12-01","2025-11-16","frequency","validation","[""91"",""61"",""89"",""31"",""87"",""51"",""79"",""46"",""32"",""63"",""85"",""06"",""50"",""37"",""21"",""58"",""54"",""77"",""20"",""44""]","11d22e1f5c8bad8e","retrospective"
"2025-12-01","2025-11-16","recent","validation","[""87"",""06"",""50"",""58"",""54"",""77"",""31"",""20"",""51"",""91"",""32"",""63"",""85"",""26"",""37"",""36"",""61"",""75"",""88"",""56""]","11d22e1f5c8bad8e","retrospective"
"2025-12-01","2025-11-16","decay","validation","[""87"",""61"",""37"",""06"",""50"",""31"",""91"",""51"",""63"",""32"",""77"",""58"",""85"",""21"",""26"",""20"",""36"",""54"",""89"",""79""]","11d22e1f5c8bad8e","retrospective"
"2025-12-01","2025-11-16","position","validation","[""31"",""61"",""51"",""81"",""21"",""66"",""36"",""67"",""30"",""60"",""37"",""41"",""91"",""56"",""39"",""69"",""01"",""71"",""57"",""50""]","11d22e1f5c8bad8e","retrospective"
"2025-12-01","2025-11-16","markov","validation","[""31"",""51"",""81"",""80"",""30"",""50"",""89"",""11"",""87"",""39"",""57"",""10"",""59"",""60"",""37"",""61"",""67"",""17"",""19"",""69""]","11d22e1f5c8bad8e","retrospective"
"2025-12-01","2025-11-16","sum","validation","[""89"",""41"",""00"",""05"",""32"",""14"",""98"",""50"",""23"",""73"",""64"",""91"",""28"",""46"",""19"",""82"",""55"",""37"",""33"",""51""]","11d22e1f5c8bad8e","retrospective"
"2025-12-01","2025-11-16","ensemble","validation","[""61"",""31"",""91"",""51"",""21"",""37"",""50"",""46"",""32"",""36"",""89"",""87"",""60"",""67"",""30"",""06"",""63"",""66"",""79"",""81""]","11d22e1f5c8bad8e","retrospective"
"2025-12-01","2025-11-16","fixed","validation","[""00"",""01"",""02"",""03"",""04"",""05"",""06"",""07"",""08"",""09"",""10"",""11"",""12"",""13"",""14"",""15"",""16"",""17"",""18"",""19""]","11d22e1f5c8bad8e","retrospective"
"2025-12-01","2025-11-16","random1","validation","[""10"",""93"",""63"",""09"",""73"",""77"",""67"",""48"",""12"",""32"",""52"",""33"",""22"",""04"",""57"",""69"",""43"",""08"",""03"",""23""]","11d22e1f5c8bad8e","retrospective"
"2025-12-01","2025-11-16","random2","validation","[""70"",""63"",""44"",""39"",""50"",""98"",""87"",""64"",""24"",""13"",""43"",""96"",""19"",""91"",""81"",""69"",""79"",""75"",""92"",""52""]","11d22e1f5c8bad8e","retrospective"
"2025-12-01","2025-11-16","random3","validation","[""17"",""39"",""69"",""22"",""53"",""35"",""45"",""57"",""71"",""85"",""29"",""76"",""77"",""75"",""28"",""44"",""87"",""05"",""78"",""97""]","11d22e1f5c8bad8e","retrospective"
"2025-12-16","2025-12-01","uniform","validation","[""75"",""88"",""56"",""58"",""68"",""54"",""77"",""97"",""65"",""89"",""11"",""08"",""45"",""02"",""86"",""31"",""20"",""73"",""33"",""96""]","11d22e1f5c8bad8e","retrospective"
"2025-12-16","2025-12-01","frequency","validation","[""91"",""61"",""89"",""31"",""87"",""51"",""79"",""46"",""32"",""63"",""85"",""06"",""50"",""37"",""21"",""58"",""54"",""77"",""20"",""44""]","11d22e1f5c8bad8e","retrospective"
"2025-12-16","2025-12-01","recent","validation","[""87"",""06"",""50"",""58"",""54"",""77"",""31"",""20"",""22"",""91"",""32"",""63"",""85"",""26"",""37"",""36"",""61"",""75"",""88"",""56""]","11d22e1f5c8bad8e","retrospective"
"2025-12-16","2025-12-01","decay","validation","[""87"",""61"",""37"",""06"",""50"",""31"",""91"",""22"",""51"",""63"",""32"",""77"",""58"",""85"",""21"",""26"",""20"",""36"",""54"",""89""]","11d22e1f5c8bad8e","retrospective"
"2025-12-16","2025-12-01","position","validation","[""31"",""61"",""51"",""21"",""81"",""66"",""36"",""67"",""30"",""60"",""37"",""41"",""91"",""56"",""26"",""39"",""69"",""01"",""71"",""20""]","11d22e1f5c8bad8e","retrospective"
"2025-12-16","2025-12-01","markov","validation","[""56"",""58"",""51"",""57"",""54"",""97"",""08"",""96"",""53"",""52"",""41"",""07"",""91"",""46"",""01"",""48"",""06"",""47"",""59"",""98""]","11d22e1f5c8bad8e","retrospective"
"2025-12-16","2025-12-01","sum","validation","[""89"",""00"",""98"",""41"",""05"",""32"",""14"",""50"",""23"",""73"",""64"",""91"",""28"",""46"",""19"",""82"",""55"",""37"",""33"",""51""]","11d22e1f5c8bad8e","retrospective"
"2025-12-16","2025-12-01","ensemble","validation","[""61"",""31"",""91"",""51"",""21"",""37"",""50"",""32"",""46"",""89"",""87"",""36"",""60"",""67"",""30"",""06"",""63"",""66"",""26"",""79""]","11d22e1f5c8bad8e","retrospective"
"2025-12-16","2025-12-01","fixed","validation","[""00"",""01"",""02"",""03"",""04"",""05"",""06"",""07"",""08"",""09"",""10"",""11"",""12"",""13"",""14"",""15"",""16"",""17"",""18"",""19""]","11d22e1f5c8bad8e","retrospective"
"2025-12-16","2025-12-01","random1","validation","[""04"",""85"",""66"",""09"",""28"",""99"",""30"",""52"",""10"",""32"",""11"",""80"",""40"",""43"",""24"",""58"",""05"",""63"",""50"",""74""]","11d22e1f5c8bad8e","retrospective"
"2025-12-16","2025-12-01","random2","validation","[""26"",""55"",""21"",""50"",""92"",""88"",""11"",""57"",""89"",""32"",""62"",""35"",""73"",""47"",""42"",""24"",""59"",""00"",""90"",""41""]","11d22e1f5c8bad8e","retrospective"
"2025-12-16","2025-12-01","random3","validation","[""01"",""10"",""48"",""77"",""88"",""97"",""86"",""49"",""21"",""23"",""60"",""52"",""75"",""44"",""33"",""70"",""32"",""64"",""54"",""56""]","11d22e1f5c8bad8e","retrospective"
"2026-01-02","2025-12-16","uniform","validation","[""75"",""88"",""56"",""58"",""68"",""54"",""77"",""97"",""65"",""89"",""11"",""08"",""45"",""02"",""86"",""31"",""20"",""73"",""33"",""96""]","11d22e1f5c8bad8e","retrospective"
"2026-01-02","2025-12-16","frequency","validation","[""91"",""61"",""89"",""31"",""87"",""51"",""79"",""46"",""32"",""63"",""85"",""06"",""50"",""37"",""21"",""58"",""54"",""77"",""20"",""44""]","11d22e1f5c8bad8e","retrospective"
"2026-01-02","2025-12-16","recent","validation","[""87"",""06"",""58"",""54"",""77"",""31"",""20"",""52"",""22"",""91"",""32"",""63"",""85"",""26"",""50"",""37"",""36"",""61"",""75"",""88""]","11d22e1f5c8bad8e","retrospective"
"2026-01-02","2025-12-16","decay","validation","[""87"",""61"",""37"",""06"",""50"",""31"",""91"",""52"",""22"",""51"",""63"",""32"",""77"",""58"",""85"",""21"",""26"",""20"",""36"",""54""]","11d22e1f5c8bad8e","retrospective"
"2026-01-02","2025-12-16","position","validation","[""31"",""61"",""51"",""21"",""81"",""66"",""36"",""56"",""67"",""30"",""60"",""37"",""41"",""91"",""57"",""26"",""50"",""39"",""32"",""62""]","11d22e1f5c8bad8e","retrospective"
"2026-01-02","2025-12-16","markov","validation","[""56"",""58"",""52"",""51"",""57"",""68"",""77"",""08"",""02"",""31"",""27"",""67"",""07"",""22"",""76"",""38"",""28"",""72"",""32"",""01""]","11d22e1f5c8bad8e","retrospective"
"2026-01-02","2025-12-16","sum","validation","[""89"",""00"",""98"",""41"",""05"",""32"",""14"",""50"",""23"",""73"",""64"",""91"",""28"",""46"",""19"",""82"",""55"",""37"",""33"",""51""]","11d22e1f5c8bad8e","retrospective"
"2026-01-02","2025-12-16","ensemble","validation","[""61"",""31"",""51"",""91"",""21"",""37"",""50"",""32"",""46"",""89"",""87"",""36"",""60"",""67"",""30"",""06"",""63"",""66"",""79"",""52""]","11d22e1f5c8bad8e","retrospective"
"2026-01-02","2025-12-16","fixed","validation","[""00"",""01"",""02"",""03"",""04"",""05"",""06"",""07"",""08"",""09"",""10"",""11"",""12"",""13"",""14"",""15"",""16"",""17"",""18"",""19""]","11d22e1f5c8bad8e","retrospective"
"2026-01-02","2025-12-16","random1","validation","[""85"",""97"",""16"",""10"",""41"",""29"",""95"",""47"",""76"",""54"",""73"",""42"",""14"",""89"",""71"",""81"",""63"",""96"",""74"",""78""]","11d22e1f5c8bad8e","retrospective"
"2026-01-02","2025-12-16","random2","validation","[""61"",""24"",""72"",""29"",""74"",""17"",""00"",""06"",""96"",""22"",""44"",""19"",""08"",""55"",""21"",""02"",""69"",""52"",""67"",""93""]","11d22e1f5c8bad8e","retrospective"
"2026-01-02","2025-12-16","random3","validation","[""33"",""83"",""01"",""61"",""36"",""88"",""50"",""45"",""05"",""70"",""93"",""29"",""86"",""67"",""98"",""97"",""35"",""54"",""09"",""30""]","11d22e1f5c8bad8e","retrospective"
"2026-01-17","2026-01-02","uniform","validation","[""75"",""88"",""56"",""58"",""68"",""54"",""77"",""97"",""65"",""89"",""11"",""08"",""45"",""02"",""86"",""31"",""20"",""73"",""33"",""96""]","11d22e1f5c8bad8e","retrospective"
"2026-01-17","2026-01-02","frequency","validation","[""91"",""61"",""89"",""31"",""87"",""16"",""51"",""79"",""46"",""32"",""63"",""85"",""06"",""50"",""37"",""21"",""58"",""54"",""77"",""20""]","11d22e1f5c8bad8e","retrospective"
"2026-01-17","2026-01-02","recent","validation","[""87"",""06"",""58"",""77"",""31"",""20"",""16"",""52"",""22"",""91"",""32"",""63"",""85"",""26"",""50"",""37"",""36"",""61"",""75"",""88""]","11d22e1f5c8bad8e","retrospective"
"2026-01-17","2026-01-02","decay","validation","[""87"",""61"",""37"",""06"",""50"",""16"",""31"",""91"",""52"",""22"",""51"",""63"",""32"",""77"",""58"",""85"",""21"",""26"",""20"",""36""]","11d22e1f5c8bad8e","retrospective"
"2026-01-17","2026-01-02","position","validation","[""31"",""61"",""51"",""21"",""66"",""36"",""81"",""56"",""67"",""26"",""30"",""60"",""37"",""41"",""91"",""57"",""50"",""86"",""39"",""32""]","11d22e1f5c8bad8e","retrospective"
"2026-01-17","2026-01-02","markov","validation","[""68"",""65"",""67"",""64"",""62"",""60"",""66"",""61"",""97"",""96"",""94"",""91"",""90"",""95"",""92"",""98"",""63"",""69"",""75"",""88""]","11d22e1f5c8bad8e","retrospective"
"2026-01-17","2026-01-02","sum","validation","[""41"",""05"",""32"",""14"",""50"",""23"",""89"",""00"",""98"",""73"",""64"",""91"",""28"",""46"",""19"",""82"",""55"",""37"",""70"",""16""]","11d22e1f5c8bad8e","retrospective"
"2026-01-17","2026-01-02","ensemble","validation","[""61"",""31"",""51"",""91"",""21"",""37"",""50"",""32"",""46"",""36"",""89"",""87"",""16"",""06"",""60"",""67"",""66"",""30"",""63"",""26""]","11d22e1f5c8bad8e","retrospective"
"2026-01-17","2026-01-02","fixed","validation","[""00"",""01"",""02"",""03"",""04"",""05"",""06"",""07"",""08"",""09"",""10"",""11"",""12"",""13"",""14"",""15"",""16"",""17"",""18"",""19""]","11d22e1f5c8bad8e","retrospective"
"2026-01-17","2026-01-02","random1","validation","[""63"",""80"",""36"",""41"",""46"",""29"",""70"",""60"",""73"",""07"",""62"",""83"",""71"",""44"",""28"",""57"",""90"",""06"",""08"",""51""]","11d22e1f5c8bad8e","retrospective"
"2026-01-17","2026-01-02","random2","validation","[""17"",""52"",""14"",""15"",""48"",""11"",""72"",""65"",""37"",""97"",""55"",""13"",""87"",""66"",""79"",""60"",""08"",""47"",""43"",""70""]","11d22e1f5c8bad8e","retrospective"
"2026-01-17","2026-01-02","random3","validation","[""98"",""34"",""96"",""12"",""94"",""54"",""64"",""05"",""88"",""16"",""50"",""75"",""31"",""59"",""92"",""80"",""37"",""26"",""83"",""47""]","11d22e1f5c8bad8e","retrospective"
"2026-02-01","2026-01-17","uniform","validation","[""75"",""88"",""56"",""58"",""68"",""54"",""77"",""97"",""65"",""89"",""11"",""08"",""45"",""02"",""86"",""31"",""20"",""73"",""33"",""96""]","11d22e1f5c8bad8e","retrospective"
"2026-02-01","2026-01-17","frequency","validation","[""91"",""61"",""89"",""31"",""87"",""16"",""51"",""79"",""46"",""32"",""63"",""85"",""06"",""50"",""37"",""21"",""58"",""54"",""77"",""02""]","11d22e1f5c8bad8e","retrospective"
"2026-02-01","2026-01-17","recent","validation","[""87"",""06"",""58"",""77"",""02"",""31"",""20"",""16"",""52"",""22"",""91"",""63"",""85"",""26"",""50"",""37"",""36"",""61"",""75"",""88""]","11d22e1f5c8bad8e","retrospective"
"2026-02-01","2026-01-17","decay","validation","[""87"",""61"",""37"",""06"",""50"",""16"",""02"",""31"",""91"",""52"",""22"",""51"",""63"",""32"",""77"",""58"",""85"",""21"",""26"",""20""]","11d22e1f5c8bad8e","retrospective"
"2026-02-01","2026-01-17","position","validation","[""31"",""61"",""51"",""21"",""66"",""36"",""81"",""56"",""67"",""32"",""62"",""26"",""30"",""60"",""37"",""41"",""91"",""01"",""52"",""57""]","11d22e1f5c8bad8e","retrospective"
"2026-02-01","2026-01-17","markov","validation","[""86"",""96"",""46"",""36"",""88"",""97"",""31"",""87"",""41"",""81"",""38"",""91"",""32"",""82"",""92"",""48"",""42"",""47"",""98"",""37""]","11d22e1f5c8bad8e","retrospective"
"2026-02-01","2026-01-17","sum","validation","[""89"",""41"",""00"",""05"",""32"",""14"",""98"",""50"",""23"",""73"",""64"",""91"",""28"",""46"",""19"",""82"",""55"",""37"",""70"",""16""]","11d22e1f5c8bad8e","retrospective"
"2026-02-01","2026-01-17","ensemble","validation","[""61"",""31"",""51"",""91"",""21"",""32"",""37"",""50"",""46"",""06"",""36"",""89"",""87"",""16"",""60"",""67"",""66"",""30"",""63"",""52""]","11d22e1f5c8bad8e","retrospective"
"2026-02-01","2026-01-17","fixed","validation","[""00"",""01"",""02"",""03"",""04"",""05"",""06"",""07"",""08"",""09"",""10"",""11"",""12"",""13"",""14"",""15"",""16"",""17"",""18"",""19""]","11d22e1f5c8bad8e","retrospective"
"2026-02-01","2026-01-17","random1","validation","[""02"",""98"",""31"",""44"",""08"",""47"",""20"",""81"",""32"",""27"",""61"",""01"",""04"",""88"",""25"",""49"",""23"",""95"",""86"",""74""]","11d22e1f5c8bad8e","retrospective"
"2026-02-01","2026-01-17","random2","validation","[""10"",""33"",""28"",""53"",""02"",""80"",""49"",""39"",""44"",""27"",""84"",""35"",""68"",""79"",""47"",""40"",""18"",""57"",""87"",""51""]","11d22e1f5c8bad8e","retrospective"
"2026-02-01","2026-01-17","random3","validation","[""25"",""62"",""67"",""14"",""01"",""40"",""70"",""96"",""95"",""99"",""54"",""04"",""28"",""52"",""79"",""29"",""03"",""82"",""92"",""49""]","11d22e1f5c8bad8e","retrospective"
"2026-02-16","2026-02-01","uniform","holdout","[""75"",""88"",""56"",""58"",""68"",""54"",""77"",""97"",""65"",""89"",""11"",""08"",""45"",""02"",""86"",""31"",""20"",""73"",""33"",""96""]","11d22e1f5c8bad8e","retrospective"
"2026-02-16","2026-02-01","frequency","holdout","[""91"",""61"",""89"",""31"",""87"",""16"",""51"",""79"",""46"",""32"",""63"",""85"",""06"",""50"",""37"",""21"",""58"",""54"",""77"",""02""]","11d22e1f5c8bad8e","retrospective"
"2026-02-16","2026-02-01","recent","holdout","[""87"",""06"",""58"",""77"",""02"",""31"",""20"",""16"",""52"",""22"",""91"",""63"",""85"",""48"",""26"",""50"",""37"",""61"",""75"",""88""]","11d22e1f5c8bad8e","retrospective"
"2026-02-16","2026-02-01","decay","holdout","[""87"",""61"",""37"",""06"",""50"",""16"",""48"",""02"",""31"",""91"",""52"",""22"",""51"",""63"",""32"",""77"",""58"",""85"",""21"",""26""]","11d22e1f5c8bad8e","retrospective"
"2026-02-16","2026-02-01","position","holdout","[""31"",""61"",""51"",""21"",""66"",""36"",""41"",""81"",""56"",""67"",""32"",""62"",""26"",""30"",""60"",""37"",""91"",""01"",""52"",""57""]","11d22e1f5c8bad8e","retrospective"
"2026-02-16","2026-02-01","markov","holdout","[""67"",""64"",""60"",""61"",""77"",""31"",""20"",""27"",""70"",""34"",""24"",""71"",""30"",""74"",""37"",""21"",""68"",""65"",""63"",""62""]","11d22e1f5c8bad8e","retrospective"
"2026-02-16","2026-02-01","sum","holdout","[""89"",""41"",""00"",""05"",""32"",""14"",""98"",""50"",""23"",""73"",""64"",""91"",""28"",""46"",""19"",""82"",""55"",""37"",""70"",""16""]","11d22e1f5c8bad8e","retrospective"
"2026-02-16","2026-02-01","ensemble","holdout","[""61"",""31"",""51"",""91"",""21"",""32"",""37"",""50"",""46"",""06"",""36"",""89"",""87"",""16"",""66"",""60"",""67"",""30"",""63"",""52""]","11d22e1f5c8bad8e","retrospective"
"2026-02-16","2026-02-01","fixed","holdout","[""00"",""01"",""02"",""03"",""04"",""05"",""06"",""07"",""08"",""09"",""10"",""11"",""12"",""13"",""14"",""15"",""16"",""17"",""18"",""19""]","11d22e1f5c8bad8e","retrospective"
"2026-02-16","2026-02-01","random1","holdout","[""02"",""95"",""98"",""31"",""30"",""62"",""86"",""75"",""71"",""17"",""96"",""35"",""06"",""74"",""69"",""32"",""11"",""09"",""50"",""66""]","11d22e1f5c8bad8e","retrospective"
"2026-02-16","2026-02-01","random2","holdout","[""32"",""80"",""45"",""13"",""06"",""39"",""76"",""52"",""42"",""02"",""10"",""22"",""58"",""40"",""12"",""54"",""82"",""19"",""86"",""07""]","11d22e1f5c8bad8e","retrospective"
"2026-02-16","2026-02-01","random3","holdout","[""24"",""41"",""85"",""53"",""40"",""88"",""42"",""68"",""29"",""39"",""21"",""47"",""08"",""87"",""55"",""26"",""82"",""28"",""25"",""05""]","11d22e1f5c8bad8e","retrospective"
"2026-03-01","2026-02-16","uniform","holdout","[""75"",""88"",""56"",""58"",""68"",""54"",""77"",""97"",""65"",""89"",""11"",""08"",""45"",""02"",""86"",""31"",""20"",""73"",""33"",""96""]","11d22e1f5c8bad8e","retrospective"
"2026-03-01","2026-02-16","frequency","holdout","[""91"",""61"",""89"",""31"",""87"",""16"",""51"",""79"",""46"",""32"",""63"",""85"",""06"",""50"",""37"",""21"",""58"",""54"",""77"",""02""]","11d22e1f5c8bad8e","retrospective"
"2026-03-01","2026-02-16","recent","holdout","[""87"",""06"",""58"",""77"",""02"",""31"",""20"",""16"",""52"",""07"",""22"",""91"",""63"",""48"",""26"",""50"",""37"",""61"",""75"",""88""]","11d22e1f5c8bad8e","retrospective"
"2026-03-01","2026-02-16","decay","holdout","[""87"",""61"",""37"",""06"",""50"",""16"",""07"",""48"",""02"",""31"",""91"",""52"",""22"",""51"",""63"",""32"",""77"",""58"",""85"",""21""]","11d22e1f5c8bad8e","retrospective"
"2026-03-01","2026-02-16","position","holdout","[""31"",""61"",""51"",""21"",""66"",""36"",""41"",""81"",""01"",""56"",""67"",""37"",""57"",""32"",""62"",""26"",""30"",""60"",""91"",""27""]","11d22e1f5c8bad8e","retrospective"
"2026-03-01","2026-02-16","markov","holdout","[""41"",""40"",""31"",""81"",""91"",""90"",""80"",""49"",""42"",""47"",""30"",""97"",""89"",""87"",""39"",""32"",""99"",""82"",""92"",""37""]","11d22e1f5c8bad8e","retrospective"
"2026-03-01","2026-02-16","sum","holdout","[""89"",""70"",""16"",""52"",""07"",""00"",""34"",""43"",""98"",""25"",""61"",""41"",""05"",""32"",""14"",""50"",""23"",""73"",""64"",""91""]","11d22e1f5c8bad8e","retrospective"
"2026-03-01","2026-02-16","ensemble","holdout","[""61"",""31"",""51"",""91"",""21"",""37"",""32"",""50"",""46"",""06"",""87"",""36"",""67"",""16"",""89"",""66"",""60"",""52"",""30"",""63""]","11d22e1f5c8bad8e","retrospective"
"2026-03-01","2026-02-16","fixed","holdout","[""00"",""01"",""02"",""03"",""04"",""05"",""06"",""07"",""08"",""09"",""10"",""11"",""12"",""13"",""14"",""15"",""16"",""17"",""18"",""19""]","11d22e1f5c8bad8e","retrospective"
"2026-03-01","2026-02-16","random1","holdout","[""39"",""06"",""95"",""85"",""57"",""14"",""07"",""29"",""28"",""77"",""67"",""02"",""22"",""93"",""16"",""12"",""87"",""78"",""50"",""72""]","11d22e1f5c8bad8e","retrospective"
"2026-03-01","2026-02-16","random2","holdout","[""36"",""07"",""41"",""61"",""69"",""14"",""77"",""57"",""87"",""08"",""18"",""96"",""34"",""30"",""64"",""25"",""93"",""67"",""39"",""28""]","11d22e1f5c8bad8e","retrospective"
"2026-03-01","2026-02-16","random3","holdout","[""08"",""47"",""55"",""85"",""59"",""40"",""05"",""29"",""73"",""25"",""60"",""07"",""44"",""86"",""02"",""95"",""14"",""34"",""12"",""99""]","11d22e1f5c8bad8e","retrospective"
"2026-03-16","2026-03-01","uniform","holdout","[""75"",""88"",""56"",""58"",""68"",""54"",""77"",""97"",""65"",""89"",""11"",""08"",""45"",""02"",""86"",""31"",""20"",""73"",""33"",""96""]","11d22e1f5c8bad8e","retrospective"
"2026-03-16","2026-03-01","frequency","holdout","[""91"",""06"",""61"",""89"",""31"",""87"",""16"",""51"",""79"",""46"",""32"",""63"",""85"",""50"",""37"",""21"",""58"",""54"",""77"",""02""]","11d22e1f5c8bad8e","retrospective"
"2026-03-16","2026-03-01","recent","holdout","[""87"",""06"",""58"",""77"",""02"",""31"",""20"",""16"",""52"",""07"",""22"",""91"",""63"",""48"",""26"",""50"",""37"",""61"",""75"",""88""]","11d22e1f5c8bad8e","retrospective"
"2026-03-16","2026-03-01","decay","holdout","[""06"",""87"",""61"",""37"",""50"",""16"",""07"",""48"",""02"",""31"",""91"",""52"",""22"",""51"",""63"",""32"",""77"",""58"",""85"",""21""]","11d22e1f5c8bad8e","retrospective"
"2026-03-16","2026-03-01","position","holdout","[""31"",""61"",""51"",""66"",""36"",""01"",""21"",""56"",""41"",""81"",""67"",""37"",""06"",""26"",""57"",""32"",""62"",""30"",""60"",""91""]","11d22e1f5c8bad8e","retrospective"
"2026-03-16","2026-03-01","markov","holdout","[""42"",""45"",""02"",""44"",""41"",""46"",""32"",""82"",""92"",""48"",""40"",""47"",""88"",""97"",""08"",""86"",""31"",""96"",""94"",""87""]","11d22e1f5c8bad8e","retrospective"
"2026-03-16","2026-03-01","sum","holdout","[""89"",""33"",""70"",""16"",""52"",""51"",""41"",""07"",""00"",""05"",""15"",""32"",""34"",""43"",""06"",""24"",""42"",""14"",""60"",""98""]","11d22e1f5c8bad8e","retrospective"
"2026-03-16","2026-03-01","ensemble","holdout","[""61"",""06"",""51"",""31"",""91"",""21"",""37"",""32"",""46"",""50"",""36"",""16"",""87"",""66"",""67"",""89"",""60"",""52"",""07"",""30""]","11d22e1f5c8bad8e","retrospective"
"2026-03-16","2026-03-01","fixed","holdout","[""00"",""01"",""02"",""03"",""04"",""05"",""06"",""07"",""08"",""09"",""10"",""11"",""12"",""13"",""14"",""15"",""16"",""17"",""18"",""19""]","11d22e1f5c8bad8e","retrospective"
"2026-03-16","2026-03-01","random1","holdout","[""54"",""95"",""48"",""04"",""33"",""07"",""75"",""55"",""16"",""87"",""40"",""61"",""60"",""45"",""22"",""26"",""91"",""81"",""14"",""13""]","11d22e1f5c8bad8e","retrospective"
"2026-03-16","2026-03-01","random2","holdout","[""54"",""86"",""46"",""31"",""40"",""62"",""26"",""17"",""50"",""97"",""04"",""20"",""43"",""68"",""23"",""49"",""89"",""80"",""02"",""75""]","11d22e1f5c8bad8e","retrospective"
"2026-03-16","2026-03-01","random3","holdout","[""18"",""20"",""93"",""81"",""54"",""04"",""14"",""11"",""72"",""40"",""83"",""94"",""07"",""35"",""22"",""38"",""10"",""64"",""73"",""12""]","11d22e1f5c8bad8e","retrospective"
"2026-04-01","2026-03-16","uniform","holdout","[""75"",""88"",""56"",""58"",""68"",""54"",""77"",""97"",""65"",""89"",""11"",""08"",""45"",""02"",""86"",""31"",""20"",""73"",""33"",""96""]","11d22e1f5c8bad8e","retrospective"
"2026-04-01","2026-03-16","frequency","holdout","[""91"",""06"",""61"",""89"",""31"",""87"",""16"",""51"",""79"",""46"",""32"",""63"",""85"",""50"",""37"",""21"",""58"",""54"",""77"",""02""]","11d22e1f5c8bad8e","retrospective"
"2026-04-01","2026-03-16","recent","holdout","[""06"",""58"",""77"",""02"",""31"",""20"",""87"",""16"",""52"",""07"",""64"",""22"",""91"",""63"",""48"",""26"",""50"",""37"",""61"",""75""]","11d22e1f5c8bad8e","retrospective"
"2026-04-01","2026-03-16","decay","holdout","[""06"",""87"",""61"",""37"",""50"",""64"",""16"",""07"",""48"",""02"",""31"",""91"",""52"",""22"",""51"",""63"",""32"",""77"",""58"",""85""]","11d22e1f5c8bad8e","retrospective"
"2026-04-01","2026-03-16","position","holdout","[""61"",""31"",""66"",""51"",""36"",""01"",""21"",""56"",""67"",""41"",""81"",""37"",""62"",""06"",""26"",""60"",""57"",""32"",""30"",""91""]","11d22e1f5c8bad8e","retrospective"
"2026-04-01","2026-03-16","markov","holdout","[""41"",""43"",""42"",""47"",""97"",""11"",""02"",""31"",""33"",""27"",""12"",""83"",""67"",""87"",""03"",""07"",""17"",""81"",""22"",""91""]","11d22e1f5c8bad8e","retrospective"
"2026-04-01","2026-03-16","sum","holdout","[""89"",""73"",""70"",""16"",""52"",""07"",""64"",""00"",""91"",""28"",""46"",""19"",""82"",""34"",""43"",""98"",""55"",""25"",""37"",""61""]","11d22e1f5c8bad8e","retrospective"
"2026-04-01","2026-03-16","ensemble","holdout","[""61"",""06"",""51"",""31"",""91"",""21"",""37"",""32"",""46"",""50"",""66"",""36"",""67"",""16"",""87"",""60"",""89"",""63"",""52"",""07""]","11d22e1f5c8bad8e","retrospective"
"2026-04-01","2026-03-16","fixed","holdout","[""00"",""01"",""02"",""03"",""04"",""05"",""06"",""07"",""08"",""09"",""10"",""11"",""12"",""13"",""14"",""15"",""16"",""17"",""18"",""19""]","11d22e1f5c8bad8e","retrospective"
"2026-04-01","2026-03-16","random1","holdout","[""94"",""20"",""45"",""10"",""47"",""06"",""54"",""05"",""49"",""28"",""87"",""66"",""92"",""97"",""07"",""59"",""36"",""02"",""13"",""88""]","11d22e1f5c8bad8e","retrospective"
"2026-04-01","2026-03-16","random2","holdout","[""71"",""60"",""12"",""03"",""05"",""14"",""96"",""10"",""19"",""78"",""62"",""43"",""27"",""88"",""91"",""36"",""68"",""28"",""69"",""99""]","11d22e1f5c8bad8e","retrospective"
"2026-04-01","2026-03-16","random3","holdout","[""21"",""59"",""28"",""40"",""75"",""88"",""48"",""10"",""12"",""31"",""81"",""70"",""32"",""44"",""19"",""65"",""46"",""29"",""00"",""72""]","11d22e1f5c8bad8e","retrospective"
"2026-04-16","2026-04-01","uniform","holdout","[""75"",""88"",""56"",""58"",""68"",""54"",""77"",""97"",""65"",""89"",""11"",""08"",""45"",""02"",""86"",""31"",""20"",""73"",""33"",""96""]","11d22e1f5c8bad8e","retrospective"
"2026-04-16","2026-04-01","frequency","holdout","[""91"",""06"",""61"",""89"",""31"",""87"",""16"",""51"",""79"",""46"",""32"",""63"",""85"",""50"",""37"",""21"",""58"",""54"",""77"",""02""]","11d22e1f5c8bad8e","retrospective"
"2026-04-16","2026-04-01","recent","holdout","[""06"",""58"",""77"",""02"",""31"",""87"",""16"",""52"",""07"",""64"",""22"",""91"",""63"",""48"",""47"",""26"",""50"",""37"",""61"",""75""]","11d22e1f5c8bad8e","retrospective"
"2026-04-16","2026-04-01","decay","holdout","[""06"",""87"",""61"",""37"",""47"",""50"",""64"",""16"",""07"",""48"",""02"",""31"",""91"",""52"",""22"",""51"",""63"",""32"",""77"",""58""]","11d22e1f5c8bad8e","retrospective"
"2026-04-16","2026-04-01","position","holdout","[""61"",""31"",""66"",""51"",""67"",""36"",""41"",""01"",""21"",""37"",""56"",""81"",""57"",""46"",""62"",""06"",""26"",""60"",""27"",""07""]","11d22e1f5c8bad8e","retrospective"
"2026-04-16","2026-04-01","markov","holdout","[""60"",""61"",""31"",""20"",""67"",""70"",""00"",""01"",""62"",""69"",""71"",""30"",""66"",""21"",""77"",""02"",""27"",""07"",""39"",""22""]","11d22e1f5c8bad8e","retrospective"
"2026-04-16","2026-04-01","sum","holdout","[""89"",""73"",""70"",""16"",""52"",""07"",""64"",""00"",""91"",""28"",""46"",""19"",""82"",""34"",""43"",""98"",""55"",""25"",""37"",""61""]","11d22e1f5c8bad8e","retrospective"
"2026-04-16","2026-04-01","ensemble","holdout","[""61"",""06"",""51"",""31"",""91"",""37"",""21"",""46"",""32"",""50"",""67"",""87"",""36"",""66"",""16"",""60"",""89"",""07"",""63"",""52""]","11d22e1f5c8bad8e","retrospective"
"2026-04-16","2026-04-01","fixed","holdout","[""00"",""01"",""02"",""03"",""04"",""05"",""06"",""07"",""08"",""09"",""10"",""11"",""12"",""13"",""14"",""15"",""16"",""17"",""18"",""19""]","11d22e1f5c8bad8e","retrospective"
"2026-04-16","2026-04-01","random1","holdout","[""76"",""68"",""27"",""04"",""79"",""05"",""86"",""55"",""50"",""62"",""74"",""72"",""85"",""59"",""31"",""09"",""34"",""92"",""13"",""97""]","11d22e1f5c8bad8e","retrospective"
"2026-04-16","2026-04-01","random2","holdout","[""23"",""69"",""65"",""93"",""88"",""25"",""90"",""46"",""75"",""27"",""03"",""12"",""15"",""21"",""38"",""52"",""28"",""04"",""77"",""14""]","11d22e1f5c8bad8e","retrospective"
"2026-04-16","2026-04-01","random3","holdout","[""27"",""87"",""04"",""37"",""74"",""28"",""12"",""92"",""47"",""44"",""24"",""53"",""33"",""09"",""66"",""02"",""93"",""88"",""52"",""01""]","11d22e1f5c8bad8e","retrospective"
"2026-05-02","2026-04-16","uniform","holdout","[""75"",""88"",""56"",""58"",""68"",""54"",""77"",""97"",""65"",""89"",""11"",""08"",""45"",""02"",""86"",""31"",""20"",""73"",""33"",""96""]","11d22e1f5c8bad8e","retrospective"
"2026-05-02","2026-04-16","frequency","holdout","[""91"",""06"",""61"",""77"",""89"",""31"",""87"",""16"",""51"",""79"",""46"",""32"",""63"",""85"",""50"",""37"",""21"",""58"",""54"",""02""]","11d22e1f5c8bad8e","retrospective"
"2026-05-02","2026-04-16","recent","holdout","[""77"",""58"",""02"",""31"",""87"",""16"",""52"",""07"",""64"",""22"",""91"",""63"",""48"",""06"",""47"",""26"",""50"",""37"",""61"",""75""]","11d22e1f5c8bad8e","retrospective"
"2026-05-02","2026-04-16","decay","holdout","[""06"",""77"",""87"",""61"",""37"",""47"",""50"",""64"",""16"",""07"",""48"",""02"",""31"",""91"",""52"",""22"",""51"",""63"",""32"",""58""]","11d22e1f5c8bad8e","retrospective"
"2026-05-02","2026-04-16","position","holdout","[""61"",""31"",""67"",""66"",""51"",""37"",""36"",""41"",""01"",""21"",""56"",""57"",""81"",""27"",""07"",""46"",""62"",""06"",""47"",""26""]","11d22e1f5c8bad8e","retrospective"
"2026-05-02","2026-04-16","markov","holdout","[""77"",""97"",""11"",""67"",""70"",""17"",""91"",""90"",""10"",""71"",""60"",""61"",""96"",""12"",""16"",""79"",""76"",""72"",""99"",""19""]","11d22e1f5c8bad8e","retrospective"
"2026-05-02","2026-04-16","sum","holdout","[""89"",""73"",""33"",""70"",""16"",""52"",""51"",""41"",""07"",""64"",""00"",""91"",""28"",""05"",""46"",""15"",""32"",""19"",""82"",""34""]","11d22e1f5c8bad8e","retrospective"
"2026-05-02","2026-04-16","ensemble","holdout","[""61"",""06"",""51"",""31"",""91"",""37"",""21"",""46"",""32"",""67"",""50"",""87"",""36"",""66"",""16"",""07"",""60"",""77"",""89"",""63""]","11d22e1f5c8bad8e","retrospective"
"2026-05-02","2026-04-16","fixed","holdout","[""00"",""01"",""02"",""03"",""04"",""05"",""06"",""07"",""08"",""09"",""10"",""11"",""12"",""13"",""14"",""15"",""16"",""17"",""18"",""19""]","11d22e1f5c8bad8e","retrospective"
"2026-05-02","2026-04-16","random1","holdout","[""79"",""01"",""96"",""27"",""18"",""44"",""37"",""31"",""24"",""04"",""36"",""23"",""89"",""39"",""68"",""55"",""94"",""53"",""80"",""33""]","11d22e1f5c8bad8e","retrospective"
"2026-05-02","2026-04-16","random2","holdout","[""53"",""41"",""67"",""79"",""33"",""62"",""25"",""14"",""12"",""97"",""31"",""56"",""32"",""81"",""26"",""87"",""02"",""76"",""55"",""58""]","11d22e1f5c8bad8e","retrospective"
"2026-05-02","2026-04-16","random3","holdout","[""93"",""21"",""83"",""73"",""59"",""58"",""26"",""71"",""88"",""18"",""47"",""25"",""72"",""92"",""98"",""46"",""08"",""05"",""49"",""39""]","11d22e1f5c8bad8e","retrospective"
"2026-05-16","2026-05-02","uniform","holdout","[""75"",""88"",""56"",""58"",""68"",""54"",""77"",""97"",""65"",""89"",""11"",""08"",""45"",""02"",""86"",""31"",""20"",""73"",""33"",""96""]","11d22e1f5c8bad8e","retrospective"
"2026-05-16","2026-05-02","frequency","holdout","[""91"",""06"",""61"",""77"",""89"",""31"",""87"",""16"",""51"",""79"",""46"",""32"",""63"",""85"",""43"",""50"",""37"",""21"",""58"",""54""]","11d22e1f5c8bad8e","retrospective"
"2026-05-16","2026-05-02","recent","holdout","[""77"",""58"",""02"",""31"",""87"",""16"",""52"",""07"",""64"",""22"",""63"",""43"",""48"",""06"",""47"",""26"",""50"",""37"",""61"",""75""]","11d22e1f5c8bad8e","retrospective"
"2026-05-16","2026-05-02","decay","holdout","[""06"",""77"",""43"",""87"",""61"",""37"",""47"",""50"",""64"",""16"",""07"",""48"",""02"",""31"",""91"",""52"",""22"",""51"",""63"",""32""]","11d22e1f5c8bad8e","retrospective"
"2026-05-16","2026-05-02","position","holdout","[""61"",""31"",""67"",""66"",""51"",""41"",""37"",""36"",""01"",""21"",""56"",""46"",""57"",""47"",""81"",""27"",""07"",""62"",""06"",""26""]","11d22e1f5c8bad8e","retrospective"
"2026-05-16","2026-05-02","markov","holdout","[""71"",""61"",""64"",""79"",""69"",""74"",""31"",""01"",""21"",""39"",""09"",""34"",""24"",""04"",""29"",""75"",""68"",""77"",""65"",""73""]","11d22e1f5c8bad8e","retrospective"
"2026-05-16","2026-05-02","sum","holdout","[""70"",""16"",""52"",""07"",""34"",""43"",""25"",""61"",""33"",""51"",""15"",""06"",""24"",""42"",""60"",""89"",""73"",""41"",""64"",""00""]","11d22e1f5c8bad8e","retrospective"
"2026-05-16","2026-05-02","ensemble","holdout","[""61"",""06"",""51"",""31"",""91"",""37"",""46"",""21"",""32"",""67"",""50"",""87"",""16"",""43"",""36"",""66"",""07"",""77"",""63"",""60""]","11d22e1f5c8bad8e","retrospective"
"2026-05-16","2026-05-02","fixed","holdout","[""00"",""01"",""02"",""03"",""04"",""05"",""06"",""07"",""08"",""09"",""10"",""11"",""12"",""13"",""14"",""15"",""16"",""17"",""18"",""19""]","11d22e1f5c8bad8e","retrospective"
"2026-05-16","2026-05-02","random1","holdout","[""35"",""41"",""70"",""42"",""26"",""74"",""45"",""40"",""28"",""49"",""47"",""62"",""66"",""05"",""53"",""87"",""30"",""90"",""85"",""00""]","11d22e1f5c8bad8e","retrospective"
"2026-05-16","2026-05-02","random2","holdout","[""29"",""83"",""43"",""37"",""15"",""58"",""28"",""92"",""39"",""60"",""91"",""13"",""69"",""17"",""99"",""49"",""68"",""63"",""89"",""51""]","11d22e1f5c8bad8e","retrospective"
"2026-05-16","2026-05-02","random3","holdout","[""26"",""90"",""70"",""51"",""38"",""71"",""09"",""05"",""62"",""25"",""03"",""48"",""19"",""46"",""67"",""84"",""43"",""30"",""92"",""35""]","11d22e1f5c8bad8e","retrospective"
"2026-06-01","2026-05-16","uniform","holdout","[""75"",""88"",""56"",""58"",""68"",""54"",""77"",""97"",""65"",""89"",""11"",""08"",""45"",""02"",""86"",""31"",""20"",""73"",""33"",""96""]","11d22e1f5c8bad8e","retrospective"
"2026-06-01","2026-05-16","frequency","holdout","[""91"",""06"",""61"",""77"",""89"",""31"",""87"",""16"",""51"",""79"",""46"",""32"",""63"",""85"",""43"",""50"",""37"",""21"",""58"",""54""]","11d22e1f5c8bad8e","retrospective"
"2026-06-01","2026-05-16","recent","holdout","[""77"",""58"",""08"",""02"",""31"",""87"",""16"",""52"",""07"",""64"",""22"",""63"",""43"",""48"",""06"",""47"",""50"",""37"",""61"",""75""]","11d22e1f5c8bad8e","retrospective"
"2026-06-01","2026-05-16","decay","holdout","[""06"",""77"",""43"",""87"",""61"",""08"",""37"",""47"",""50"",""64"",""16"",""07"",""48"",""02"",""31"",""91"",""52"",""22"",""51"",""63""]","11d22e1f5c8bad8e","retrospective"
"2026-06-01","2026-05-16","position","holdout","[""61"",""31"",""67"",""66"",""51"",""41"",""01"",""37"",""36"",""21"",""56"",""07"",""46"",""57"",""06"",""47"",""81"",""27"",""62"",""26""]","11d22e1f5c8bad8e","retrospective"
"2026-06-01","2026-05-16","markov","holdout","[""47"",""97"",""44"",""67"",""87"",""41"",""07"",""40"",""37"",""31"",""94"",""64"",""00"",""81"",""91"",""01"",""90"",""80"",""34"",""84""]","11d22e1f5c8bad8e","retrospective"
"2026-06-01","2026-05-16","sum","holdout","[""70"",""16"",""52"",""07"",""34"",""43"",""25"",""61"",""89"",""73"",""33"",""51"",""41"",""64"",""00"",""91"",""28"",""05"",""46"",""15""]","11d22e1f5c8bad8e","retrospective"
"2026-06-01","2026-05-16","ensemble","holdout","[""61"",""06"",""51"",""91"",""31"",""37"",""46"",""21"",""32"",""67"",""50"",""87"",""07"",""16"",""43"",""36"",""66"",""77"",""63"",""60""]","11d22e1f5c8bad8e","retrospective"
"2026-06-01","2026-05-16","fixed","holdout","[""00"",""01"",""02"",""03"",""04"",""05"",""06"",""07"",""08"",""09"",""10"",""11"",""12"",""13"",""14"",""15"",""16"",""17"",""18"",""19""]","11d22e1f5c8bad8e","retrospective"
"2026-06-01","2026-05-16","random1","holdout","[""41"",""06"",""51"",""74"",""45"",""13"",""66"",""68"",""67"",""95"",""29"",""23"",""07"",""38"",""00"",""99"",""24"",""90"",""43"",""50""]","11d22e1f5c8bad8e","retrospective"
"2026-06-01","2026-05-16","random2","holdout","[""76"",""50"",""24"",""27"",""81"",""95"",""36"",""98"",""87"",""92"",""68"",""77"",""54"",""05"",""38"",""01"",""97"",""80"",""70"",""23""]","11d22e1f5c8bad8e","retrospective"
"2026-06-01","2026-05-16","random3","holdout","[""17"",""28"",""68"",""32"",""72"",""87"",""69"",""48"",""39"",""96"",""64"",""91"",""57"",""46"",""86"",""94"",""04"",""93"",""53"",""83""]","11d22e1f5c8bad8e","retrospective"
"2026-06-16","2026-06-01","uniform","holdout","[""75"",""88"",""56"",""58"",""68"",""54"",""77"",""97"",""65"",""89"",""11"",""08"",""45"",""02"",""86"",""31"",""20"",""73"",""33"",""96""]","11d22e1f5c8bad8e","retrospective"
"2026-06-16","2026-06-01","frequency","holdout","[""91"",""06"",""61"",""77"",""89"",""31"",""87"",""16"",""51"",""79"",""46"",""32"",""63"",""85"",""43"",""50"",""37"",""21"",""58"",""54""]","11d22e1f5c8bad8e","retrospective"
"2026-06-16","2026-06-01","recent","holdout","[""77"",""58"",""08"",""02"",""31"",""87"",""16"",""52"",""07"",""64"",""22"",""63"",""95"",""43"",""48"",""06"",""47"",""37"",""61"",""75""]","11d22e1f5c8bad8e","retrospective"
"2026-06-16","2026-06-01","decay","holdout","[""06"",""77"",""43"",""87"",""61"",""95"",""08"",""37"",""47"",""50"",""64"",""16"",""07"",""48"",""02"",""31"",""91"",""52"",""22"",""51""]","11d22e1f5c8bad8e","retrospective"
"2026-06-16","2026-06-01","position","holdout","[""61"",""31"",""67"",""66"",""51"",""41"",""01"",""37"",""36"",""21"",""56"",""07"",""46"",""57"",""06"",""47"",""81"",""91"",""27"",""62""]","11d22e1f5c8bad8e","retrospective"
"2026-06-16","2026-06-01","markov","holdout","[""89"",""86"",""39"",""79"",""76"",""46"",""49"",""26"",""36"",""29"",""75"",""88"",""56"",""77"",""45"",""31"",""20"",""73"",""33"",""96""]","11d22e1f5c8bad8e","retrospective"
"2026-06-16","2026-06-01","sum","holdout","[""70"",""16"",""52"",""07"",""34"",""43"",""25"",""61"",""89"",""73"",""33"",""51"",""41"",""64"",""00"",""91"",""28"",""05"",""46"",""15""]","11d22e1f5c8bad8e","retrospective"
"2026-06-16","2026-06-01","ensemble","holdout","[""61"",""06"",""91"",""51"",""31"",""37"",""46"",""21"",""32"",""67"",""50"",""87"",""07"",""16"",""43"",""77"",""36"",""66"",""63"",""60""]","11d22e1f5c8bad8e","retrospective"
"2026-06-16","2026-06-01","fixed","holdout","[""00"",""01"",""02"",""03"",""04"",""05"",""06"",""07"",""08"",""09"",""10"",""11"",""12"",""13"",""14"",""15"",""16"",""17"",""18"",""19""]","11d22e1f5c8bad8e","retrospective"
"2026-06-16","2026-06-01","random1","holdout","[""20"",""93"",""11"",""06"",""22"",""89"",""46"",""60"",""90"",""50"",""36"",""17"",""01"",""57"",""76"",""97"",""13"",""31"",""98"",""69""]","11d22e1f5c8bad8e","retrospective"
"2026-06-16","2026-06-01","random2","holdout","[""60"",""80"",""30"",""31"",""15"",""52"",""92"",""46"",""50"",""03"",""39"",""65"",""91"",""68"",""22"",""74"",""28"",""86"",""41"",""94""]","11d22e1f5c8bad8e","retrospective"
"2026-06-16","2026-06-01","random3","holdout","[""61"",""62"",""31"",""52"",""30"",""86"",""51"",""25"",""35"",""16"",""13"",""26"",""10"",""77"",""84"",""64"",""96"",""34"",""66"",""11""]","11d22e1f5c8bad8e","retrospective"
"2026-07-01","2026-06-16","uniform","holdout","[""75"",""88"",""56"",""58"",""68"",""54"",""77"",""97"",""65"",""89"",""11"",""08"",""45"",""02"",""86"",""31"",""20"",""73"",""33"",""96""]","11d22e1f5c8bad8e","retrospective"
"2026-07-01","2026-06-16","frequency","holdout","[""91"",""06"",""61"",""77"",""89"",""31"",""87"",""16"",""51"",""79"",""46"",""32"",""63"",""85"",""43"",""48"",""50"",""37"",""21"",""58""]","11d22e1f5c8bad8e","retrospective"
"2026-07-01","2026-06-16","recent","holdout","[""77"",""48"",""58"",""08"",""02"",""31"",""87"",""16"",""52"",""07"",""64"",""22"",""95"",""43"",""06"",""47"",""37"",""61"",""75"",""88""]","11d22e1f5c8bad8e","retrospective"
"2026-07-01","2026-06-16","decay","holdout","[""48"",""06"",""77"",""43"",""87"",""61"",""95"",""08"",""37"",""47"",""50"",""64"",""16"",""07"",""02"",""31"",""91"",""52"",""22"",""51""]","11d22e1f5c8bad8e","retrospective"
"2026-07-01","2026-06-16","position","holdout","[""61"",""31"",""41"",""67"",""66"",""51"",""01"",""46"",""47"",""37"",""36"",""21"",""56"",""07"",""57"",""06"",""81"",""91"",""68"",""27""]","11d22e1f5c8bad8e","retrospective"
"2026-07-01","2026-06-16","markov","holdout","[""77"",""67"",""07"",""75"",""65"",""27"",""70"",""64"",""00"",""05"",""01"",""71"",""04"",""74"",""60"",""37"",""61"",""31"",""20"",""35""]","11d22e1f5c8bad8e","retrospective"
"2026-07-01","2026-06-16","sum","holdout","[""70"",""16"",""52"",""07"",""34"",""43"",""25"",""61"",""33"",""51"",""15"",""06"",""24"",""42"",""60"",""89"",""73"",""41"",""64"",""00""]","11d22e1f5c8bad8e","retrospective"
"2026-07-01","2026-06-16","ensemble","holdout","[""61"",""06"",""91"",""51"",""31"",""46"",""37"",""21"",""32"",""67"",""50"",""87"",""43"",""07"",""16"",""66"",""77"",""48"",""36"",""41""]","11d22e1f5c8bad8e","retrospective"
"2026-07-01","2026-06-16","fixed","holdout","[""00"",""01"",""02"",""03"",""04"",""05"",""06"",""07"",""08"",""09"",""10"",""11"",""12"",""13"",""14"",""15"",""16"",""17"",""18"",""19""]","11d22e1f5c8bad8e","retrospective"
"2026-07-01","2026-06-16","random1","holdout","[""35"",""45"",""67"",""53"",""32"",""85"",""71"",""30"",""61"",""96"",""09"",""99"",""41"",""68"",""74"",""49"",""95"",""75"",""38"",""28""]","11d22e1f5c8bad8e","retrospective"
"2026-07-01","2026-06-16","random2","holdout","[""99"",""07"",""93"",""42"",""54"",""50"",""31"",""83"",""63"",""13"",""28"",""84"",""81"",""59"",""94"",""11"",""72"",""45"",""01"",""57""]","11d22e1f5c8bad8e","retrospective"
"2026-07-01","2026-06-16","random3","holdout","[""18"",""15"",""61"",""55"",""56"",""60"",""99"",""26"",""63"",""39"",""10"",""68"",""07"",""00"",""74"",""95"",""27"",""38"",""11"",""37""]","11d22e1f5c8bad8e","retrospective"
"2026-07-16","2026-07-01","uniform","holdout","[""75"",""88"",""56"",""58"",""68"",""54"",""77"",""97"",""65"",""89"",""11"",""08"",""45"",""02"",""86"",""31"",""20"",""73"",""33"",""96""]","11d22e1f5c8bad8e","retrospective"
"2026-07-16","2026-07-01","frequency","holdout","[""91"",""06"",""61"",""77"",""89"",""31"",""87"",""16"",""51"",""79"",""46"",""32"",""63"",""85"",""62"",""43"",""48"",""50"",""37"",""21""]","11d22e1f5c8bad8e","retrospective"
"2026-07-16","2026-07-01","recent","holdout","[""77"",""48"",""58"",""08"",""02"",""87"",""16"",""52"",""07"",""64"",""22"",""62"",""95"",""43"",""06"",""47"",""37"",""61"",""75"",""88""]","11d22e1f5c8bad8e","retrospective"
"2026-07-16","2026-07-01","decay","holdout","[""48"",""06"",""77"",""62"",""43"",""87"",""61"",""95"",""08"",""37"",""47"",""50"",""64"",""16"",""07"",""02"",""31"",""91"",""52"",""22""]","11d22e1f5c8bad8e","retrospective"
"2026-07-16","2026-07-01","position","holdout","[""61"",""67"",""66"",""31"",""41"",""51"",""01"",""46"",""47"",""37"",""36"",""62"",""21"",""56"",""07"",""57"",""06"",""68"",""60"",""81""]","11d22e1f5c8bad8e","retrospective"
"2026-07-16","2026-07-01","markov","holdout","[""46"",""48"",""41"",""42"",""47"",""88"",""68"",""08"",""86"",""96"",""16"",""38"",""28"",""06"",""26"",""98"",""66"",""36"",""18"",""97""]","11d22e1f5c8bad8e","retrospective"
"2026-07-16","2026-07-01","sum","holdout","[""70"",""16"",""52"",""07"",""34"",""43"",""25"",""61"",""73"",""64"",""91"",""28"",""46"",""19"",""82"",""55"",""37"",""89"",""33"",""51""]","11d22e1f5c8bad8e","retrospective"
"2026-07-16","2026-07-01","ensemble","holdout","[""61"",""06"",""91"",""51"",""31"",""46"",""37"",""62"",""21"",""32"",""67"",""50"",""66"",""87"",""43"",""07"",""16"",""77"",""48"",""60""]","11d22e1f5c8bad8e","retrospective"
"2026-07-16","2026-07-01","fixed","holdout","[""00"",""01"",""02"",""03"",""04"",""05"",""06"",""07"",""08"",""09"",""10"",""11"",""12"",""13"",""14"",""15"",""16"",""17"",""18"",""19""]","11d22e1f5c8bad8e","retrospective"
"2026-07-16","2026-07-01","random1","holdout","[""46"",""54"",""41"",""60"",""74"",""82"",""11"",""97"",""23"",""24"",""50"",""76"",""70"",""29"",""84"",""90"",""26"",""02"",""75"",""88""]","11d22e1f5c8bad8e","retrospective"
"2026-07-16","2026-07-01","random2","holdout","[""99"",""34"",""03"",""54"",""50"",""51"",""04"",""11"",""24"",""53"",""37"",""66"",""87"",""21"",""84"",""48"",""27"",""75"",""60"",""12""]","11d22e1f5c8bad8e","retrospective"
"2026-07-16","2026-07-01","random3","holdout","[""32"",""66"",""36"",""44"",""37"",""04"",""57"",""72"",""64"",""26"",""75"",""95"",""46"",""39"",""52"",""93"",""63"",""91"",""47"",""82""]","11d22e1f5c8bad8e","retrospective"
"2026-08-01","2026-07-16","uniform","holdout","[""75"",""88"",""56"",""58"",""68"",""54"",""77"",""97"",""65"",""89"",""11"",""08"",""45"",""02"",""86"",""31"",""20"",""73"",""33"",""96""]","11d22e1f5c8bad8e","retrospective"
"2026-08-01","2026-07-16","frequency","holdout","[""91"",""06"",""61"",""77"",""89"",""31"",""87"",""16"",""51"",""79"",""46"",""32"",""63"",""85"",""62"",""43"",""48"",""50"",""37"",""21""]","11d22e1f5c8bad8e","retrospective"
"2026-08-01","2026-07-16","recent","holdout","[""77"",""48"",""08"",""02"",""87"",""16"",""52"",""07"",""64"",""22"",""62"",""95"",""43"",""06"",""47"",""71"",""37"",""61"",""75"",""88""]","11d22e1f5c8bad8e","retrospective"
"2026-08-01","2026-07-16","decay","holdout","[""48"",""06"",""77"",""62"",""71"",""43"",""87"",""61"",""95"",""08"",""37"",""47"",""50"",""64"",""16"",""07"",""02"",""31"",""91"",""52""]","11d22e1f5c8bad8e","retrospective"
"2026-08-01","2026-07-16","position","holdout","[""61"",""31"",""41"",""67"",""66"",""51"",""01"",""21"",""46"",""47"",""37"",""36"",""62"",""56"",""07"",""57"",""06"",""81"",""91"",""71""]","11d22e1f5c8bad8e","retrospective"
"2026-08-01","2026-07-16","markov","holdout","[""96"",""16"",""76"",""46"",""66"",""11"",""41"",""79"",""91"",""99"",""19"",""49"",""69"",""71"",""61"",""75"",""56"",""68"",""77"",""97""]","11d22e1f5c8bad8e","retrospective"
"2026-08-01","2026-07-16","sum","holdout","[""70"",""16"",""52"",""07"",""34"",""43"",""25"",""61"",""89"",""73"",""33"",""51"",""41"",""64"",""00"",""91"",""28"",""05"",""46"",""15""]","11d22e1f5c8bad8e","retrospective"
"2026-08-01","2026-07-16","ensemble","holdout","[""61"",""06"",""91"",""51"",""31"",""46"",""37"",""21"",""62"",""32"",""67"",""50"",""77"",""66"",""87"",""43"",""07"",""16"",""41"",""48""]","11d22e1f5c8bad8e","retrospective"
"2026-08-01","2026-07-16","fixed","holdout","[""00"",""01"",""02"",""03"",""04"",""05"",""06"",""07"",""08"",""09"",""10"",""11"",""12"",""13"",""14"",""15"",""16"",""17"",""18"",""19""]","11d22e1f5c8bad8e","retrospective"
"2026-08-01","2026-07-16","random1","holdout","[""40"",""35"",""94"",""26"",""54"",""15"",""80"",""82"",""78"",""91"",""32"",""59"",""10"",""98"",""33"",""89"",""17"",""31"",""90"",""87""]","11d22e1f5c8bad8e","retrospective"
"2026-08-01","2026-07-16","random2","holdout","[""91"",""81"",""98"",""95"",""76"",""01"",""27"",""87"",""40"",""03"",""49"",""92"",""78"",""20"",""38"",""29"",""89"",""96"",""90"",""50""]","11d22e1f5c8bad8e","retrospective"
"2026-08-01","2026-07-16","random3","holdout","[""39"",""03"",""81"",""67"",""05"",""97"",""22"",""11"",""37"",""34"",""46"",""54"",""58"",""85"",""12"",""91"",""98"",""32"",""33"",""02""]","11d22e1f5c8bad8e","retrospective"
"2026-08-16","2026-08-01","uniform","holdout","[""75"",""88"",""56"",""58"",""68"",""54"",""77"",""97"",""65"",""89"",""11"",""08"",""45"",""02"",""86"",""31"",""20"",""73"",""33"",""96""]","11d22e1f5c8bad8e","retrospective"
"2026-08-16","2026-08-01","frequency","holdout","[""91"",""06"",""61"",""77"",""89"",""31"",""87"",""16"",""51"",""79"",""46"",""32"",""63"",""85"",""62"",""43"",""48"",""50"",""37"",""21""]","11d22e1f5c8bad8e","retrospective"
"2026-08-16","2026-08-01","recent","holdout","[""48"",""77"",""08"",""02"",""87"",""16"",""52"",""07"",""64"",""22"",""62"",""95"",""43"",""69"",""06"",""47"",""71"",""37"",""61"",""75""]","11d22e1f5c8bad8e","retrospective"
"2026-08-16","2026-08-01","decay","holdout","[""48"",""06"",""77"",""62"",""69"",""71"",""43"",""87"",""61"",""95"",""08"",""37"",""47"",""50"",""64"",""16"",""07"",""02"",""31"",""91""]","11d22e1f5c8bad8e","retrospective"
"2026-08-16","2026-08-01","position","holdout","[""61"",""67"",""66"",""31"",""41"",""51"",""01"",""62"",""21"",""46"",""47"",""37"",""36"",""68"",""69"",""60"",""56"",""07"",""57"",""06""]","11d22e1f5c8bad8e","retrospective"
"2026-08-16","2026-08-01","markov","holdout","[""41"",""43"",""48"",""40"",""47"",""11"",""31"",""81"",""91"",""01"",""71"",""21"",""61"",""88"",""68"",""77"",""97"",""08"",""45"",""20""]","11d22e1f5c8bad8e","retrospective"
"2026-08-16","2026-08-01","sum","holdout","[""70"",""16"",""52"",""07"",""34"",""43"",""25"",""61"",""89"",""73"",""33"",""96"",""87"",""51"",""41"",""64"",""00"",""91"",""28"",""05""]","11d22e1f5c8bad8e","retrospective"
"2026-08-16","2026-08-01","ensemble","holdout","[""61"",""06"",""91"",""51"",""31"",""46"",""37"",""62"",""21"",""67"",""32"",""66"",""87"",""50"",""77"",""43"",""07"",""69"",""60"",""63""]","11d22e1f5c8bad8e","retrospective"
"2026-08-16","2026-08-01","fixed","holdout","[""00"",""01"",""02"",""03"",""04"",""05"",""06"",""07"",""08"",""09"",""10"",""11"",""12"",""13"",""14"",""15"",""16"",""17"",""18"",""19""]","11d22e1f5c8bad8e","retrospective"
"2026-08-16","2026-08-01","random1","holdout","[""86"",""01"",""72"",""98"",""65"",""62"",""30"",""84"",""85"",""19"",""56"",""94"",""43"",""66"",""42"",""71"",""03"",""27"",""34"",""07""]","11d22e1f5c8bad8e","retrospective"
"2026-08-16","2026-08-01","random2","holdout","[""26"",""00"",""63"",""49"",""10"",""01"",""29"",""68"",""94"",""91"",""47"",""17"",""15"",""92"",""80"",""35"",""61"",""06"",""89"",""54""]","11d22e1f5c8bad8e","retrospective"
"2026-08-16","2026-08-01","random3","holdout","[""21"",""04"",""84"",""33"",""03"",""53"",""09"",""19"",""25"",""20"",""58"",""88"",""99"",""28"",""16"",""44"",""13"",""50"",""48"",""30""]","11d22e1f5c8bad8e","retrospective"
"2026-09-01","2026-08-16","uniform","holdout","[""75"",""88"",""56"",""58"",""68"",""54"",""77"",""97"",""65"",""89"",""11"",""08"",""45"",""02"",""86"",""31"",""20"",""73"",""33"",""96""]","11d22e1f5c8bad8e","retrospective"
"2026-09-01","2026-08-16","frequency","holdout","[""91"",""06"",""61"",""77"",""89"",""31"",""87"",""16"",""51"",""79"",""46"",""32"",""63"",""85"",""62"",""43"",""48"",""50"",""37"",""21""]","11d22e1f5c8bad8e","retrospective"
"2026-09-01","2026-08-16","recent","holdout","[""48"",""77"",""08"",""02"",""87"",""53"",""16"",""52"",""07"",""64"",""22"",""62"",""95"",""43"",""69"",""06"",""47"",""71"",""37"",""75""]","11d22e1f5c8bad8e","retrospective"
"2026-09-01","2026-08-16","decay","holdout","[""48"",""06"",""77"",""53"",""62"",""69"",""71"",""43"",""87"",""61"",""95"",""08"",""37"",""47"",""50"",""64"",""16"",""07"",""02"",""31""]","11d22e1f5c8bad8e","retrospective"
"2026-09-01","2026-08-16","position","holdout","[""61"",""67"",""66"",""31"",""51"",""41"",""01"",""62"",""21"",""56"",""46"",""57"",""47"",""37"",""36"",""68"",""69"",""60"",""07"",""06""]","11d22e1f5c8bad8e","retrospective"
"2026-09-01","2026-08-16","markov","holdout","[""51"",""11"",""31"",""01"",""71"",""21"",""61"",""58"",""54"",""59"",""68"",""08"",""64"",""39"",""79"",""38"",""28"",""09"",""19"",""78""]","11d22e1f5c8bad8e","retrospective"
"2026-09-01","2026-08-16","sum","holdout","[""70"",""16"",""52"",""07"",""34"",""43"",""25"",""61"",""89"",""73"",""33"",""96"",""87"",""51"",""64"",""00"",""91"",""28"",""46"",""15""]","11d22e1f5c8bad8e","retrospective"
"2026-09-01","2026-08-16","ensemble","holdout","[""61"",""06"",""91"",""51"",""31"",""62"",""46"",""37"",""21"",""67"",""32"",""50"",""87"",""66"",""43"",""63"",""77"",""07"",""69"",""60""]","11d22e1f5c8bad8e","retrospective"
"2026-09-01","2026-08-16","fixed","holdout","[""00"",""01"",""02"",""03"",""04"",""05"",""06"",""07"",""08"",""09"",""10"",""11"",""12"",""13"",""14"",""15"",""16"",""17"",""18"",""19""]","11d22e1f5c8bad8e","retrospective"
"2026-09-01","2026-08-16","random1","holdout","[""70"",""63"",""44"",""39"",""50"",""98"",""87"",""64"",""24"",""13"",""43"",""96"",""19"",""91"",""81"",""69"",""79"",""75"",""92"",""52""]","11d22e1f5c8bad8e","retrospective"
"2026-09-01","2026-08-16","random2","holdout","[""68"",""41"",""17"",""19"",""15"",""02"",""81"",""86"",""18"",""38"",""07"",""73"",""16"",""10"",""14"",""62"",""54"",""28"",""06"",""29""]","11d22e1f5c8bad8e","retrospective"
"2026-09-01","2026-08-16","random3","holdout","[""88"",""49"",""63"",""30"",""97"",""95"",""70"",""36"",""46"",""64"",""90"",""04"",""87"",""52"",""61"",""82"",""57"",""24"",""79"",""43""]","11d22e1f5c8bad8e","retrospective"
"2026-09-16","2026-09-01","uniform","holdout","[""75"",""88"",""56"",""58"",""68"",""54"",""77"",""97"",""65"",""89"",""11"",""08"",""45"",""02"",""86"",""31"",""20"",""73"",""33"",""96""]","11d22e1f5c8bad8e","retrospective"
"2026-09-16","2026-09-01","frequency","holdout","[""91"",""06"",""61"",""77"",""89"",""31"",""87"",""16"",""51"",""79"",""46"",""32"",""63"",""85"",""62"",""43"",""48"",""50"",""37"",""21""]","11d22e1f5c8bad8e","retrospective"
"2026-09-16","2026-09-01","recent","holdout","[""48"",""77"",""08"",""02"",""53"",""16"",""52"",""07"",""64"",""22"",""62"",""95"",""43"",""69"",""06"",""47"",""71"",""04"",""37"",""75""]","11d22e1f5c8bad8e","retrospective"
"2026-09-16","2026-09-01","decay","holdout","[""48"",""06"",""77"",""04"",""53"",""62"",""69"",""71"",""43"",""87"",""61"",""95"",""08"",""37"",""47"",""50"",""64"",""16"",""07"",""02""]","11d22e1f5c8bad8e","retrospective"
"2026-09-16","2026-09-01","position","holdout","[""61"",""67"",""66"",""31"",""51"",""41"",""01"",""62"",""21"",""56"",""07"",""46"",""57"",""06"",""47"",""37"",""36"",""68"",""69"",""60""]","11d22e1f5c8bad8e","retrospective"
"2026-09-16","2026-09-01","markov","holdout","[""97"",""47"",""67"",""87"",""07"",""37"",""41"",""91"",""43"",""92"",""42"",""93"",""02"",""31"",""33"",""83"",""03"",""81"",""32"",""63""]","11d22e1f5c8bad8e","retrospective"
"2026-09-16","2026-09-01","sum","holdout","[""70"",""16"",""52"",""07"",""34"",""43"",""25"",""61"",""33"",""51"",""15"",""06"",""24"",""42"",""60"",""89"",""73"",""96"",""87"",""41""]","11d22e1f5c8bad8e","retrospective"
"2026-09-16","2026-09-01","ensemble","holdout","[""61"",""06"",""91"",""51"",""31"",""62"",""46"",""37"",""21"",""67"",""32"",""50"",""87"",""66"",""43"",""63"",""07"",""77"",""69"",""60""]","11d22e1f5c8bad8e","retrospective"
"2026-09-16","2026-09-01","fixed","holdout","[""00"",""01"",""02"",""03"",""04"",""05"",""06"",""07"",""08"",""09"",""10"",""11"",""12"",""13"",""14"",""15"",""16"",""17"",""18"",""19""]","11d22e1f5c8bad8e","retrospective"
"2026-09-16","2026-09-01","random1","holdout","[""26"",""55"",""21"",""50"",""92"",""88"",""11"",""57"",""89"",""32"",""62"",""35"",""73"",""47"",""42"",""24"",""59"",""00"",""90"",""41""]","11d22e1f5c8bad8e","retrospective"
"2026-09-16","2026-09-01","random2","holdout","[""11"",""78"",""18"",""42"",""87"",""27"",""32"",""81"",""96"",""07"",""06"",""03"",""85"",""73"",""44"",""89"",""46"",""53"",""17"",""01""]","11d22e1f5c8bad8e","retrospective"
"2026-09-16","2026-09-01","random3","holdout","[""28"",""81"",""16"",""89"",""31"",""67"",""06"",""01"",""47"",""32"",""56"",""75"",""74"",""90"",""36"",""97"",""85"",""93"",""11"",""82""]","11d22e1f5c8bad8e","retrospective"
"2026-10-01","2026-09-16","uniform","holdout","[""75"",""88"",""56"",""58"",""68"",""54"",""77"",""97"",""65"",""89"",""11"",""08"",""45"",""02"",""86"",""31"",""20"",""73"",""33"",""96""]","11d22e1f5c8bad8e","retrospective"
"2026-10-01","2026-09-16","frequency","holdout","[""91"",""06"",""61"",""77"",""89"",""31"",""87"",""16"",""51"",""64"",""79"",""46"",""32"",""63"",""85"",""62"",""43"",""48"",""50"",""37""]","11d22e1f5c8bad8e","retrospective"
"2026-10-01","2026-09-16","recent","holdout","[""64"",""48"",""77"",""08"",""02"",""53"",""16"",""52"",""07"",""22"",""62"",""95"",""43"",""69"",""06"",""47"",""71"",""04"",""75"",""88""]","11d22e1f5c8bad8e","retrospective"
"2026-10-01","2026-09-16","decay","holdout","[""64"",""48"",""06"",""77"",""04"",""53"",""62"",""69"",""71"",""43"",""87"",""61"",""95"",""08"",""37"",""47"",""50"",""16"",""07"",""02""]","11d22e1f5c8bad8e","retrospective"
"2026-10-01","2026-09-16","position","holdout","[""61"",""67"",""66"",""31"",""51"",""41"",""01"",""62"",""68"",""64"",""69"",""60"",""21"",""56"",""07"",""46"",""57"",""06"",""47"",""37""]","11d22e1f5c8bad8e","retrospective"
"2026-10-01","2026-09-16","markov","holdout","[""47"",""44"",""41"",""43"",""42"",""77"",""97"",""27"",""67"",""87"",""07"",""17"",""57"",""37"",""54"",""11"",""45"",""02"",""31"",""73""]","11d22e1f5c8bad8e","retrospective"
"2026-10-01","2026-09-16","sum","holdout","[""70"",""16"",""52"",""07"",""34"",""43"",""25"",""61"",""73"",""64"",""91"",""28"",""46"",""19"",""82"",""55"",""37"",""89"",""33"",""96""]","11d22e1f5c8bad8e","retrospective"
"2026-10-01","2026-09-16","ensemble","holdout","[""61"",""06"",""91"",""51"",""31"",""62"",""64"",""46"",""37"",""67"",""21"",""32"",""66"",""63"",""50"",""87"",""43"",""07"",""69"",""60""]","11d22e1f5c8bad8e","retrospective"
"2026-10-01","2026-09-16","fixed","holdout","[""00"",""01"",""02"",""03"",""04"",""05"",""06"",""07"",""08"",""09"",""10"",""11"",""12"",""13"",""14"",""15"",""16"",""17"",""18"",""19""]","11d22e1f5c8bad8e","retrospective"
"2026-10-01","2026-09-16","random1","holdout","[""61"",""24"",""72"",""29"",""74"",""17"",""00"",""06"",""96"",""22"",""44"",""19"",""08"",""55"",""21"",""02"",""69"",""52"",""67"",""93""]","11d22e1f5c8bad8e","retrospective"
"2026-10-01","2026-09-16","random2","holdout","[""56"",""72"",""04"",""44"",""57"",""86"",""00"",""28"",""49"",""34"",""66"",""37"",""32"",""07"",""81"",""12"",""98"",""85"",""48"",""76""]","11d22e1f5c8bad8e","retrospective"
"2026-10-01","2026-09-16","random3","holdout","[""18"",""90"",""44"",""35"",""65"",""93"",""26"",""05"",""07"",""78"",""87"",""03"",""38"",""60"",""20"",""66"",""29"",""39"",""02"",""61""]","11d22e1f5c8bad8e","retrospective"