"target","feature","group","count","observations"
"last2","sum","0","1","120"
"last2","sum","1","1","120"
"last2","sum","2","3","120"
"last2","sum","3","5","120"
"last2","sum","4","4","120"
"last2","sum","5","9","120"
"last2","sum","6","10","120"
"last2","sum","7","13","120"
"last2","sum","8","12","120"
"last2","sum","9","9","120"
"last2","sum","10","14","120"
"last2","sum","11","11","120"
"last2","sum","12","6","120"
"last2","sum","13","7","120"
"last2","sum","14","5","120"
"last2","sum","15","4","120"
"last2","sum","16","2","120"
"last2","sum","17","2","120"
"last2","sum","18","2","120"
"last2","root","0","1","120"
"last2","root","1","15","120"
"last2","root","2","14","120"
"last2","root","3","11","120"
"last2","root","4","11","120"
"last2","root","5","14","120"
"last2","root","6","14","120"
"last2","root","7","15","120"
"last2","root","8","14","120"
"last2","root","9","11","120"
"last2","difference","0","9","120"
"last2","difference","1","16","120"
"last2","difference","2","19","120"
"last2","difference","3","19","120"
"last2","difference","4","15","120"
"last2","difference","5","15","120"
"last2","difference","6","10","120"
"last2","difference","7","7","120"
"last2","difference","8","6","120"
"last2","difference","9","4","120"
"last2","range","0","9","120"
"last2","range","1","16","120"
"last2","range","2","19","120"
"last2","range","3","19","120"
"last2","range","4","15","120"
"last2","range","5","15","120"
"last2","range","6","10","120"
"last2","range","7","7","120"
"last2","range","8","6","120"
"last2","range","9","4","120"
"last2","product","0","28","120"
"last2","product","2","2","120"
"last2","product","3","2","120"
"last2","product","4","4","120"
"last2","product","5","3","120"
"last2","product","6","9","120"
"last2","product","7","3","120"
"last2","product","8","2","120"
"last2","product","9","3","120"
"last2","product","10","1","120"
"last2","product","12","5","120"
"last2","product","15","2","120"
"last2","product","16","3","120"
"last2","product","18","7","120"
"last2","product","20","1","120"
"last2","product","21","3","120"
"last2","product","24","10","120"
"last2","product","25","1","120"
"last2","product","28","2","120"
"last2","product","30","1","120"
"last2","product","32","2","120"
"last2","product","35","3","120"
"last2","product","36","2","120"
"last2","product","40","5","120"
"last2","product","42","1","120"
"last2","product","45","3","120"
"last2","product","49","2","120"
"last2","product","54","1","120"
"last2","product","56","3","120"
"last2","product","63","2","120"
"last2","product","72","2","120"
"last2","product","81","2","120"
"last2","mod3","0","37","120"
"last2","mod3","1","41","120"
"last2","mod3","2","42","120"
"last2","mod9","0","12","120"
"last2","mod9","1","15","120"
"last2","mod9","2","14","120"
"last2","mod9","3","11","120"
"last2","mod9","4","11","120"
"last2","mod9","5","14","120"
"last2","mod9","6","14","120"
"last2","mod9","7","15","120"
"last2","mod9","8","14","120"
"last2","parity","คู่–คี่","31","120"
"last2","parity","คี่–คู่","30","120"
"last2","parity","คี่–คี่","29","120"
"last2","parity","คู่–คู่","30","120"
"last2","highlow","สูง–ต่ำ","39","120"
"last2","highlow","ต่ำ–สูง","29","120"
"last2","highlow","สูง–สูง","27","120"
"last2","highlow","ต่ำ–ต่ำ","25","120"
"last2","even","0","29","120"
"last2","even","1","61","120"
"last2","even","2","30","120"
"last2","high","0","25","120"
"last2","high","1","68","120"
"last2","high","2","27","120"
"last2","zero","false","92","120"
"last2","zero","true","28","120"
"last2","permutation","12","2","120"
"last2","permutation","13","2","120"
"last2","permutation","14","3","120"
"last2","permutation","15","3","120"
"last2","permutation","16","6","120"
"last2","permutation","17","3","120"
"last2","permutation","19","3","120"
"last2","permutation","22","1","120"
"last2","permutation","23","3","120"
"last2","permutation","24","2","120"
"last2","permutation","25","1","120"
"last2","permutation","26","3","120"
"last2","permutation","28","2","120"
"last2","permutation","29","3","120"
"last2","permutation","34","2","120"
"last2","permutation","35","2","120"
"last2","permutation","36","4","120"
"last2","permutation","37","3","120"
"last2","permutation","38","5","120"
"last2","permutation","44","1","120"
"last2","permutation","45","1","120"
"last2","permutation","46","5","120"
"last2","permutation","47","2","120"
"last2","permutation","48","2","120"
"last2","permutation","49","1","120"
"last2","permutation","55","1","120"
"last2","permutation","56","1","120"
"last2","permutation","57","3","120"
"last2","permutation","58","5","120"
"last2","permutation","59","3","120"
"last2","permutation","66","1","120"
"last2","permutation","67","1","120"
"last2","permutation","69","1","120"
"last2","permutation","77","2","120"
"last2","permutation","78","3","120"
"last2","permutation","79","2","120"
"last2","permutation","89","2","120"
"last2","permutation","99","2","120"
"last2","permutation","03","3","120"
"last2","permutation","07","4","120"
"last2","permutation","01","1","120"
"last2","permutation","09","4","120"
"last2","permutation","06","5","120"
"last2","permutation","02","3","120"
"last2","permutation","05","3","120"
"last2","permutation","08","3","120"
"last2","permutation","00","1","120"
"last2","permutation","04","1","120"
"last2","distinct","1","9","120"
"last2","distinct","2","111","120"
"last2","double","false","111","120"
"last2","double","true","9","120"
"last2","triple","false","120","120"
"last2","sandwich","false","120","120"
"last2","twoSame","false","120","120"
"last2","allDifferent","true","111","120"
"last2","allDifferent","false","9","120"
"last2","ascending","false","120","120"
"last2","descending","false","120","120"
"last2","adjacent","false","104","120"
"last2","adjacent","true","16","120"
"top2","sum","0","1","120"
"top2","sum","1","1","120"
"top2","sum","2","2","120"
"top2","sum","3","10","120"
"top2","sum","4","2","120"
"top2","sum","5","8","120"
"top2","sum","6","9","120"
"top2","sum","7","10","120"
"top2","sum","8","10","120"
"top2","sum","9","18","120"
"top2","sum","10","9","120"
"top2","sum","11","6","120"
"top2","sum","12","5","120"
"top2","sum","13","5","120"
"top2","sum","14","7","120"
"top2","sum","15","8","120"
"top2","sum","16","6","120"
"top2","sum","17","3","120"
"top2","root","0","1","120"
"top2","root","1","10","120"
"top2","root","2","8","120"
"top2","root","3","15","120"
"top2","root","4","7","120"
"top2","root","5","15","120"
"top2","root","6","17","120"
"top2","root","7","16","120"
"top2","root","8","13","120"
"top2","root","9","18","120"
"top2","difference","0","8","120"
"top2","difference","1","21","120"
"top2","difference","2","14","120"
"top2","difference","3","22","120"
"top2","difference","4","14","120"
"top2","difference","5","14","120"
"top2","difference","6","11","120"
"top2","difference","7","7","120"
"top2","difference","8","4","120"
"top2","difference","9","5","120"
"top2","range","0","8","120"
"top2","range","1","21","120"
"top2","range","2","14","120"
"top2","range","3","22","120"
"top2","range","4","14","120"
"top2","range","5","14","120"
"top2","range","6","11","120"
"top2","range","7","7","120"
"top2","range","8","4","120"
"top2","range","9","5","120"
"top2","product","0","28","120"
"top2","product","1","1","120"
"top2","product","2","5","120"
"top2","product","4","3","120"
"top2","product","5","2","120"
"top2","product","6","3","120"
"top2","product","7","3","120"
"top2","product","8","4","120"
"top2","product","9","3","120"
"top2","product","10","4","120"
"top2","product","12","4","120"
"top2","product","14","5","120"
"top2","product","15","1","120"
"top2","product","16","3","120"
"top2","product","18","7","120"
"top2","product","20","1","120"
"top2","product","21","2","120"
"top2","product","24","4","120"
"top2","product","27","2","120"
"top2","product","30","3","120"
"top2","product","32","1","120"
"top2","product","35","1","120"
"top2","product","36","3","120"
"top2","product","40","1","120"
"top2","product","42","2","120"
"top2","product","45","4","120"
"top2","product","48","1","120"
"top2","product","49","2","120"
"top2","product","54","4","120"
"top2","product","56","4","120"
"top2","product","63","5","120"
"top2","product","64","1","120"
"top2","product","72","3","120"
"top2","mod3","0","51","120"
"top2","mod3","1","33","120"
"top2","mod3","2","36","120"
"top2","mod9","0","19","120"
"top2","mod9","1","10","120"
"top2","mod9","2","8","120"
"top2","mod9","3","15","120"
"top2","mod9","4","7","120"
"top2","mod9","5","15","120"
"top2","mod9","6","17","120"
"top2","mod9","7","16","120"
"top2","mod9","8","13","120"
"top2","parity","คี่–คี่","26","120"
"top2","parity","คี่–คู่","34","120"
"top2","parity","คู่–คี่","35","120"
"top2","parity","คู่–คู่","25","120"
"top2","highlow","สูง–ต่ำ","30","120"
"top2","highlow","ต่ำ–สูง","33","120"
"top2","highlow","สูง–สูง","32","120"
"top2","highlow","ต่ำ–ต่ำ","25","120"
"top2","even","0","26","120"
"top2","even","1","69","120"
"top2","even","2","25","120"
"top2","high","0","25","120"
"top2","high","1","63","120"
"top2","high","2","32","120"
"top2","zero","false","92","120"
"top2","zero","true","28","120"
"top2","permutation","11","1","120"
"top2","permutation","12","5","120"
"top2","permutation","14","3","120"
"top2","permutation","15","2","120"
"top2","permutation","16","2","120"
"top2","permutation","17","3","120"
"top2","permutation","18","2","120"
"top2","permutation","19","3","120"
"top2","permutation","23","1","120"
"top2","permutation","24","2","120"
"top2","permutation","25","4","120"
"top2","permutation","26","3","120"
"top2","permutation","27","5","120"
"top2","permutation","28","1","120"
"top2","permutation","29","2","120"
"top2","permutation","34","1","120"
"top2","permutation","35","1","120"
"top2","permutation","36","5","120"
"top2","permutation","37","2","120"
"top2","permutation","38","1","120"
"top2","permutation","39","2","120"
"top2","permutation","44","2","120"
"top2","permutation","45","1","120"
"top2","permutation","46","3","120"
"top2","permutation","48","1","120"
"top2","permutation","49","2","120"
"top2","permutation","56","3","120"
"top2","permutation","57","1","120"
"top2","permutation","58","1","120"
"top2","permutation","59","4","120"
"top2","permutation","66","1","120"
"top2","permutation","67","2","120"
"top2","permutation","68","1","120"
"top2","permutation","69","4","120"
"top2","permutation","77","2","120"
"top2","permutation","78","4","120"
"top2","permutation","79","5","120"
"top2","permutation","88","1","120"
"top2","permutation","89","3","120"
"top2","permutation","08","1","120"
"top2","permutation","05","4","120"
"top2","permutation","07","3","120"
"top2","permutation","03","5","120"
"top2","permutation","06","5","120"
"top2","permutation","02","1","120"
"top2","permutation","09","5","120"
"top2","permutation","04","2","120"
"top2","permutation","00","1","120"
"top2","permutation","01","1","120"
"top2","distinct","1","8","120"
"top2","distinct","2","112","120"
"top2","double","false","112","120"
"top2","double","true","8","120"
"top2","triple","false","120","120"
"top2","sandwich","false","120","120"
"top2","twoSame","false","120","120"
"top2","allDifferent","true","112","120"
"top2","allDifferent","false","8","120"
"top2","ascending","false","120","120"
"top2","descending","false","120","120"
"top2","adjacent","false","99","120"
"top2","adjacent","true","21","120"
"top3","sum","3","1","120"
"top3","sum","4","1","120"
"top3","sum","5","3","120"
"top3","sum","6","1","120"
"top3","sum","7","4","120"
"top3","sum","8","6","120"
"top3","sum","9","9","120"
"top3","sum","10","8","120"
"top3","sum","11","6","120"
"top3","sum","12","11","120"
"top3","sum","13","6","120"
"top3","sum","14","12","120"
"top3","sum","15","10","120"
"top3","sum","16","6","120"
"top3","sum","17","9","120"
"top3","sum","18","6","120"
"top3","sum","19","5","120"
"top3","sum","20","2","120"
"top3","sum","21","7","120"
"top3","sum","22","2","120"
"top3","sum","23","1","120"
"top3","sum","24","2","120"
"top3","sum","25","2","120"
"top3","root","1","13","120"
"top3","root","2","8","120"
"top3","root","3","19","120"
"top3","root","4","9","120"
"top3","root","5","16","120"
"top3","root","6","13","120"
"top3","root","7","12","120"
"top3","root","8","15","120"
"top3","root","9","15","120"
"top3","difference","0","13","120"
"top3","difference","1","22","120"
"top3","difference","2","15","120"
"top3","difference","3","18","120"
"top3","difference","4","14","120"
"top3","difference","5","14","120"
"top3","difference","6","10","120"
"top3","difference","7","8","120"
"top3","difference","8","3","120"
"top3","difference","9","3","120"
"top3","range","1","6","120"
"top3","range","2","14","120"
"top3","range","3","12","120"
"top3","range","4","14","120"
"top3","range","5","20","120"
"top3","range","6","17","120"
"top3","range","7","15","120"
"top3","range","8","10","120"
"top3","range","9","12","120"
"top3","product","0","38","120"
"top3","product","4","3","120"
"top3","product","6","1","120"
"top3","product","7","1","120"
"top3","product","8","1","120"
"top3","product","12","1","120"
"top3","product","16","1","120"
"top3","product","18","1","120"
"top3","product","20","3","120"
"top3","product","24","1","120"
"top3","product","28","4","120"
"top3","product","30","3","120"
"top3","product","32","2","120"
"top3","product","42","2","120"
"top3","product","45","3","120"
"top3","product","48","3","120"
"top3","product","54","4","120"
"top3","product","60","1","120"
"top3","product","72","2","120"
"top3","product","80","3","120"
"top3","product","81","1","120"
"top3","product","90","3","120"
"top3","product","96","2","120"
"top3","product","108","2","120"
"top3","product","112","2","120"
"top3","product","120","1","120"
"top3","product","126","1","120"
"top3","product","135","2","120"
"top3","product","144","2","120"
"top3","product","147","1","120"
"top3","product","168","2","120"
"top3","product","180","3","120"
"top3","product","192","1","120"
"top3","product","224","1","120"
"top3","product","240","1","120"
"top3","product","245","1","120"
"top3","product","252","1","120"
"top3","product","288","2","120"
"top3","product","315","1","120"
"top3","product","324","2","120"
"top3","product","336","3","120"
"top3","product","360","2","120"
"top3","product","441","1","120"
"top3","product","504","2","120"
"top3","product","567","1","120"
"top3","product","576","1","120"
"top3","mod3","0","47","120"
"top3","mod3","1","34","120"
"top3","mod3","2","39","120"
"top3","mod9","0","15","120"
"top3","mod9","1","13","120"
"top3","mod9","2","8","120"
"top3","mod9","3","19","120"
"top3","mod9","4","9","120"
"top3","mod9","5","16","120"
"top3","mod9","6","13","120"
"top3","mod9","7","12","120"
"top3","mod9","8","15","120"
"top3","parity","คี่–คี่–คี่","12","120"
"top3","parity","คี่–คี่–คู่","17","120"
"top3","parity","คู่–คี่–คี่","14","120"
"top3","parity","คี่–คู่–คี่","14","120"
"top3","parity","คู่–คี่–คู่","17","120"
"top3","parity","คู่–คู่–คู่","12","120"
"top3","parity","คี่–คู่–คู่","13","120"
"top3","parity","คู่–คู่–คี่","21","120"
"top3","highlow","ต่ำ–สูง–ต่ำ","10","120"
"top3","highlow","ต่ำ–ต่ำ–สูง","18","120"
"top3","highlow","สูง–สูง–ต่ำ","20","120"
"top3","highlow","ต่ำ–สูง–สูง","15","120"
"top3","highlow","สูง–สูง–สูง","17","120"
"top3","highlow","สูง–ต่ำ–สูง","15","120"
"top3","highlow","สูง–ต่ำ–ต่ำ","15","120"
"top3","highlow","ต่ำ–ต่ำ–ต่ำ","10","120"
"top3","even","0","12","120"
"top3","even","1","45","120"
"top3","even","2","51","120"
"top3","even","3","12","120"
"top3","high","0","10","120"
"top3","high","1","43","120"
"top3","high","2","50","120"
"top3","high","3","17","120"
"top3","zero","false","82","120"
"top3","zero","true","38","120"
"top3","permutation","114","1","120"
"top3","permutation","116","1","120"
"top3","permutation","117","1","120"
"top3","permutation","122","2","120"
"top3","permutation","124","1","120"
"top3","permutation","126","1","120"
"top3","permutation","128","1","120"
"top3","permutation","145","2","120"
"top3","permutation","147","2","120"
"top3","permutation","148","2","120"
"top3","permutation","156","1","120"
"top3","permutation","159","3","120"
"top3","permutation","167","1","120"
"top3","permutation","168","1","120"
"top3","permutation","169","2","120"
"top3","permutation","199","1","120"
"top3","permutation","225","1","120"
"top3","permutation","227","2","120"
"top3","permutation","233","1","120"
"top3","permutation","234","1","120"
"top3","permutation","235","2","120"
"top3","permutation","237","1","120"
"top3","permutation","239","1","120"
"top3","permutation","246","2","120"
"top3","permutation","256","1","120"
"top3","permutation","258","2","120"
"top3","permutation","266","2","120"
"top3","permutation","269","2","120"
"top3","permutation","278","2","120"
"top3","permutation","279","1","120"
"top3","permutation","336","1","120"
"top3","permutation","348","1","120"
"top3","permutation","356","3","120"
"top3","permutation","358","1","120"
"top3","permutation","359","2","120"
"top3","permutation","368","1","120"
"top3","permutation","377","1","120"
"top3","permutation","378","2","120"
"top3","permutation","388","1","120"
"top3","permutation","445","1","120"
"top3","permutation","446","1","120"
"top3","permutation","459","2","120"
"top3","permutation","466","1","120"
"top3","permutation","478","1","120"
"top3","permutation","479","1","120"
"top3","permutation","489","1","120"
"top3","permutation","566","1","120"
"top3","permutation","568","1","120"
"top3","permutation","577","1","120"
"top3","permutation","579","1","120"
"top3","permutation","589","2","120"
"top3","permutation","668","1","120"
"top3","permutation","669","2","120"
"top3","permutation","678","3","120"
"top3","permutation","779","1","120"
"top3","permutation","789","2","120"
"top3","permutation","799","1","120"
"top3","permutation","889","1","120"
"top3","permutation","037","2","120"
"top3","permutation","068","1","120"
"top3","permutation","038","1","120"
"top3","permutation","059","1","120"
"top3","permutation","012","1","120"
"top3","permutation","078","1","120"
"top3","permutation","045","2","120"
"top3","permutation","016","2","120"
"top3","permutation","058","1","120"
"top3","permutation","039","3","120"
"top3","permutation","079","2","120"
"top3","permutation","069","2","120"
"top3","permutation","019","1","120"
"top3","permutation","056","1","120"
"top3","permutation","035","2","120"
"top3","permutation","022","1","120"
"top3","permutation","099","1","120"
"top3","permutation","036","2","120"
"top3","permutation","014","1","120"
"top3","permutation","066","1","120"
"top3","permutation","044","1","120"
"top3","permutation","029","1","120"
"top3","permutation","007","1","120"
"top3","permutation","067","1","120"
"top3","permutation","009","1","120"
"top3","permutation","077","2","120"
"top3","permutation","046","1","120"
"top3","permutation","017","1","120"
"top3","distinct","2","34","120"
"top3","distinct","3","86","120"
"top3","double","false","120","120"
"top3","triple","false","120","120"
"top3","sandwich","true","13","120"
"top3","sandwich","false","107","120"
"top3","twoSame","true","34","120"
"top3","twoSame","false","86","120"
"top3","allDifferent","false","34","120"
"top3","allDifferent","true","86","120"
"top3","ascending","false","118","120"
"top3","ascending","true","2","120"
"top3","descending","false","120","120"
"top3","adjacent","false","70","120"
"top3","adjacent","true","50","120"
"first3OfFirst","sum","4","2","120"
"first3OfFirst","sum","5","2","120"
"first3OfFirst","sum","6","4","120"
"first3OfFirst","sum","7","5","120"
"first3OfFirst","sum","8","6","120"
"first3OfFirst","sum","9","1","120"
"first3OfFirst","sum","10","7","120"
"first3OfFirst","sum","11","10","120"
"first3OfFirst","sum","12","8","120"
"first3OfFirst","sum","13","10","120"
"first3OfFirst","sum","14","15","120"
"first3OfFirst","sum","15","5","120"
"first3OfFirst","sum","16","12","120"
"first3OfFirst","sum","17","11","120"
"first3OfFirst","sum","18","7","120"
"first3OfFirst","sum","19","5","120"
"first3OfFirst","sum","20","2","120"
"first3OfFirst","sum","21","4","120"
"first3OfFirst","sum","22","2","120"
"first3OfFirst","sum","23","1","120"
"first3OfFirst","sum","25","1","120"
"first3OfFirst","root","1","12","120"
"first3OfFirst","root","2","12","120"
"first3OfFirst","root","3","12","120"
"first3OfFirst","root","4","14","120"
"first3OfFirst","root","5","18","120"
"first3OfFirst","root","6","9","120"
"first3OfFirst","root","7","18","120"
"first3OfFirst","root","8","17","120"
"first3OfFirst","root","9","8","120"
"first3OfFirst","difference","0","11","120"
"first3OfFirst","difference","1","16","120"
"first3OfFirst","difference","2","17","120"
"first3OfFirst","difference","3","21","120"
"first3OfFirst","difference","4","12","120"
"first3OfFirst","difference","5","13","120"
"first3OfFirst","difference","6","11","120"
"first3OfFirst","difference","7","8","120"
"first3OfFirst","difference","8","8","120"
"first3OfFirst","difference","9","3","120"
"first3OfFirst","range","1","3","120"
"first3OfFirst","range","2","8","120"
"first3OfFirst","range","3","13","120"
"first3OfFirst","range","4","20","120"
"first3OfFirst","range","5","17","120"
"first3OfFirst","range","6","17","120"
"first3OfFirst","range","7","19","120"
"first3OfFirst","range","8","15","120"
"first3OfFirst","range","9","8","120"
"first3OfFirst","product","0","35","120"
"first3OfFirst","product","2","1","120"
"first3OfFirst","product","6","2","120"
"first3OfFirst","product","8","1","120"
"first3OfFirst","product","9","1","120"
"first3OfFirst","product","10","3","120"
"first3OfFirst","product","16","1","120"
"first3OfFirst","product","18","2","120"
"first3OfFirst","product","21","1","120"
"first3OfFirst","product","24","1","120"
"first3OfFirst","product","25","1","120"
"first3OfFirst","product","27","3","120"
"first3OfFirst","product","28","4","120"
"first3OfFirst","product","30","1","120"
"first3OfFirst","product","35","2","120"
"first3OfFirst","product","36","3","120"
"first3OfFirst","product","40","2","120"
"first3OfFirst","product","45","1","120"
"first3OfFirst","product","48","2","120"
"first3OfFirst","product","54","2","120"
"first3OfFirst","product","56","2","120"
"first3OfFirst","product","60","2","120"
"first3OfFirst","product","64","2","120"
"first3OfFirst","product","72","5","120"
"first3OfFirst","product","81","1","120"
"first3OfFirst","product","84","1","120"
"first3OfFirst","product","90","3","120"
"first3OfFirst","product","96","1","120"
"first3OfFirst","product","98","1","120"
"first3OfFirst","product","105","1","120"
"first3OfFirst","product","108","2","120"
"first3OfFirst","product","112","1","120"
"first3OfFirst","product","126","3","120"
"first3OfFirst","product","128","1","120"
"first3OfFirst","product","135","1","120"
"first3OfFirst","product","144","2","120"
"first3OfFirst","product","147","1","120"
"first3OfFirst","product","160","2","120"
"first3OfFirst","product","162","3","120"
"first3OfFirst","product","168","1","120"
"first3OfFirst","product","175","1","120"
"first3OfFirst","product","200","1","120"
"first3OfFirst","product","224","1","120"
"first3OfFirst","product","225","1","120"
"first3OfFirst","product","240","1","120"
"first3OfFirst","product","245","1","120"
"first3OfFirst","product","280","1","120"
"first3OfFirst","product","288","1","120"
"first3OfFirst","product","324","4","120"
"first3OfFirst","product","336","1","120"
"first3OfFirst","product","448","1","120"
"first3OfFirst","product","567","1","120"
"first3OfFirst","mod3","0","29","120"
"first3OfFirst","mod3","1","44","120"
"first3OfFirst","mod3","2","47","120"
"first3OfFirst","mod9","0","8","120"
"first3OfFirst","mod9","1","12","120"
"first3OfFirst","mod9","2","12","120"
"first3OfFirst","mod9","3","12","120"
"first3OfFirst","mod9","4","14","120"
"first3OfFirst","mod9","5","18","120"
"first3OfFirst","mod9","6","9","120"
"first3OfFirst","mod9","7","18","120"
"first3OfFirst","mod9","8","17","120"
"first3OfFirst","parity","คี่–คี่–คู่","16","120"
"first3OfFirst","parity","คี่–คู่–คู่","8","120"
"first3OfFirst","parity","คู่–คู่–คี่","18","120"
"first3OfFirst","parity","คู่–คี่–คู่","12","120"
"first3OfFirst","parity","คู่–คี่–คี่","19","120"
"first3OfFirst","parity","คู่–คู่–คู่","10","120"
"first3OfFirst","parity","คี่–คี่–คี่","17","120"
"first3OfFirst","parity","คี่–คู่–คี่","20","120"
"first3OfFirst","highlow","สูง–สูง–สูง","11","120"
"first3OfFirst","highlow","ต่ำ–สูง–สูง","20","120"
"first3OfFirst","highlow","ต่ำ–ต่ำ–สูง","14","120"
"first3OfFirst","highlow","ต่ำ–ต่ำ–ต่ำ","10","120"
"first3OfFirst","highlow","สูง–ต่ำ–สูง","22","120"
"first3OfFirst","highlow","สูง–สูง–ต่ำ","9","120"
"first3OfFirst","highlow","สูง–ต่ำ–ต่ำ","20","120"
"first3OfFirst","highlow","ต่ำ–สูง–ต่ำ","14","120"
"first3OfFirst","even","0","17","120"
"first3OfFirst","even","1","55","120"
"first3OfFirst","even","2","38","120"
"first3OfFirst","even","3","10","120"
"first3OfFirst","high","0","10","120"
"first3OfFirst","high","1","48","120"
"first3OfFirst","high","2","51","120"
"first3OfFirst","high","3","11","120"
"first3OfFirst","zero","false","85","120"
"first3OfFirst","zero","true","35","120"
"first3OfFirst","permutation","112","1","120"
"first3OfFirst","permutation","118","1","120"
"first3OfFirst","permutation","123","2","120"
"first3OfFirst","permutation","125","3","120"
"first3OfFirst","permutation","128","1","120"
"first3OfFirst","permutation","133","1","120"
"first3OfFirst","permutation","136","2","120"
"first3OfFirst","permutation","137","1","120"
"first3OfFirst","permutation","139","3","120"
"first3OfFirst","permutation","146","1","120"
"first3OfFirst","permutation","147","4","120"
"first3OfFirst","permutation","149","1","120"
"first3OfFirst","permutation","155","1","120"
"first3OfFirst","permutation","157","2","120"
"first3OfFirst","permutation","158","1","120"
"first3OfFirst","permutation","159","1","120"
"first3OfFirst","permutation","169","1","120"
"first3OfFirst","permutation","178","2","120"
"first3OfFirst","permutation","188","1","120"
"first3OfFirst","permutation","189","2","120"
"first3OfFirst","permutation","199","1","120"
"first3OfFirst","permutation","229","2","120"
"first3OfFirst","permutation","235","1","120"
"first3OfFirst","permutation","239","1","120"
"first3OfFirst","permutation","245","1","120"
"first3OfFirst","permutation","246","1","120"
"first3OfFirst","permutation","248","1","120"
"first3OfFirst","permutation","256","1","120"
"first3OfFirst","permutation","266","1","120"
"first3OfFirst","permutation","277","1","120"
"first3OfFirst","permutation","278","1","120"
"first3OfFirst","permutation","279","1","120"
"first3OfFirst","permutation","299","1","120"
"first3OfFirst","permutation","338","1","120"
"first3OfFirst","permutation","344","1","120"
"first3OfFirst","permutation","345","1","120"
"first3OfFirst","permutation","346","1","120"
"first3OfFirst","permutation","347","1","120"
"first3OfFirst","permutation","348","1","120"
"first3OfFirst","permutation","349","2","120"
"first3OfFirst","permutation","356","3","120"
"first3OfFirst","permutation","357","1","120"
"first3OfFirst","permutation","359","1","120"
"first3OfFirst","permutation","367","2","120"
"first3OfFirst","permutation","368","1","120"
"first3OfFirst","permutation","369","2","120"
"first3OfFirst","permutation","377","1","120"
"first3OfFirst","permutation","378","1","120"
"first3OfFirst","permutation","448","1","120"
"first3OfFirst","permutation","449","1","120"
"first3OfFirst","permutation","458","2","120"
"first3OfFirst","permutation","478","1","120"
"first3OfFirst","permutation","489","1","120"
"first3OfFirst","permutation","499","2","120"
"first3OfFirst","permutation","557","1","120"
"first3OfFirst","permutation","558","1","120"
"first3OfFirst","permutation","559","1","120"
"first3OfFirst","permutation","568","1","120"
"first3OfFirst","permutation","577","1","120"
"first3OfFirst","permutation","578","1","120"
"first3OfFirst","permutation","669","2","120"
"first3OfFirst","permutation","678","1","120"
"first3OfFirst","permutation","788","1","120"
"first3OfFirst","permutation","799","1","120"
"first3OfFirst","permutation","045","1","120"
"first3OfFirst","permutation","023","2","120"
"first3OfFirst","permutation","077","1","120"
"first3OfFirst","permutation","088","1","120"
"first3OfFirst","permutation","089","2","120"
"first3OfFirst","permutation","016","1","120"
"first3OfFirst","permutation","079","2","120"
"first3OfFirst","permutation","026","1","120"
"first3OfFirst","permutation","059","3","120"
"first3OfFirst","permutation","025","2","120"
"first3OfFirst","permutation","078","2","120"
"first3OfFirst","permutation","015","1","120"
"first3OfFirst","permutation","067","1","120"
"first3OfFirst","permutation","038","1","120"
"first3OfFirst","permutation","035","1","120"
"first3OfFirst","permutation","047","2","120"
"first3OfFirst","permutation","068","1","120"
"first3OfFirst","permutation","037","2","120"
"first3OfFirst","permutation","057","1","120"
"first3OfFirst","permutation","056","1","120"
"first3OfFirst","permutation","034","1","120"
"first3OfFirst","permutation","028","1","120"
"first3OfFirst","permutation","039","1","120"
"first3OfFirst","permutation","017","1","120"
"first3OfFirst","permutation","004","1","120"
"first3OfFirst","permutation","024","1","120"
"first3OfFirst","distinct","2","29","120"
"first3OfFirst","distinct","3","91","120"
"first3OfFirst","double","false","120","120"
"first3OfFirst","triple","false","120","120"
"first3OfFirst","sandwich","false","109","120"
"first3OfFirst","sandwich","true","11","120"
"first3OfFirst","twoSame","false","91","120"
"first3OfFirst","twoSame","true","29","120"
"first3OfFirst","allDifferent","true","91","120"
"first3OfFirst","allDifferent","false","29","120"
"first3OfFirst","ascending","false","119","120"
"first3OfFirst","ascending","true","1","120"
"first3OfFirst","descending","false","119","120"
"first3OfFirst","descending","true","1","120"
"first3OfFirst","adjacent","true","50","120"
"first3OfFirst","adjacent","false","70","120"
"front3","sum","0","1","240"
"front3","sum","1","1","240"
"front3","sum","2","1","240"
"front3","sum","3","3","240"
"front3","sum","4","1","240"
"front3","sum","5","8","240"
"front3","sum","6","7","240"
"front3","sum","7","7","240"
"front3","sum","8","20","240"
"front3","sum","9","12","240"
"front3","sum","10","14","240"
"front3","sum","11","17","240"
"front3","sum","12","8","240"
"front3","sum","13","23","240"
"front3","sum","14","20","240"
"front3","sum","15","19","240"
"front3","sum","16","16","240"
"front3","sum","17","10","240"
"front3","sum","18","8","240"
"front3","sum","19","13","240"
"front3","sum","20","12","240"
"front3","sum","21","9","240"
"front3","sum","22","4","240"
"front3","sum","23","1","240"
"front3","sum","24","4","240"
"front3","sum","25","1","240"
"front3","root","0","1","240"
"front3","root","1","28","240"
"front3","root","2","30","240"
"front3","root","3","20","240"
"front3","root","4","28","240"
"front3","root","5","29","240"
"front3","root","6","30","240"
"front3","root","7","24","240"
"front3","root","8","30","240"
"front3","root","9","20","240"
"front3","difference","0","19","240"
"front3","difference","1","36","240"
"front3","difference","2","37","240"
"front3","difference","3","32","240"
"front3","difference","4","36","240"
"front3","difference","5","31","240"
"front3","difference","6","22","240"
"front3","difference","7","16","240"
"front3","difference","8","9","240"
"front3","difference","9","2","240"
"front3","range","0","2","240"
"front3","range","1","10","240"
"front3","range","2","24","240"
"front3","range","3","29","240"
"front3","range","4","30","240"
"front3","range","5","35","240"
"front3","range","6","44","240"
"front3","range","7","30","240"
"front3","range","8","26","240"
"front3","range","9","10","240"
"front3","product","0","56","240"
"front3","product","1","1","240"
"front3","product","3","2","240"
"front3","product","4","3","240"
"front3","product","6","2","240"
"front3","product","7","1","240"
"front3","product","8","4","240"
"front3","product","9","1","240"
"front3","product","10","3","240"
"front3","product","12","6","240"
"front3","product","14","1","240"
"front3","product","15","1","240"
"front3","product","16","4","240"
"front3","product","18","4","240"
"front3","product","20","3","240"
"front3","product","21","3","240"
"front3","product","24","3","240"
"front3","product","27","4","240"
"front3","product","28","4","240"
"front3","product","30","3","240"
"front3","product","32","1","240"
"front3","product","35","1","240"
"front3","product","36","4","240"
"front3","product","40","4","240"
"front3","product","42","2","240"
"front3","product","45","6","240"
"front3","product","48","4","240"
"front3","product","50","1","240"
"front3","product","54","3","240"
"front3","product","56","5","240"
"front3","product","60","1","240"
"front3","product","63","3","240"
"front3","product","64","1","240"
"front3","product","70","3","240"
"front3","product","72","8","240"
"front3","product","75","2","240"
"front3","product","80","4","240"
"front3","product","81","1","240"
"front3","product","84","3","240"
"front3","product","90","1","240"
"front3","product","96","9","240"
"front3","product","98","1","240"
"front3","product","108","4","240"
"front3","product","112","1","240"
"front3","product","126","4","240"
"front3","product","144","6","240"
"front3","product","150","1","240"
"front3","product","160","1","240"
"front3","product","162","1","240"
"front3","product","168","1","240"
"front3","product","180","1","240"
"front3","product","189","3","240"
"front3","product","192","3","240"
"front3","product","196","1","240"
"front3","product","216","9","240"
"front3","product","225","3","240"
"front3","product","245","1","240"
"front3","product","252","1","240"
"front3","product","256","1","240"
"front3","product","270","1","240"
"front3","product","280","1","240"
"front3","product","315","3","240"
"front3","product","320","1","240"
"front3","product","336","5","240"
"front3","product","360","2","240"
"front3","product","378","1","240"
"front3","product","392","1","240"
"front3","product","405","1","240"
"front3","product","486","3","240"
"front3","product","504","1","240"
"front3","product","567","1","240"
"front3","mod3","0","71","240"
"front3","mod3","1","80","240"
"front3","mod3","2","89","240"
"front3","mod9","0","21","240"
"front3","mod9","1","28","240"
"front3","mod9","2","30","240"
"front3","mod9","3","20","240"
"front3","mod9","4","28","240"
"front3","mod9","5","29","240"
"front3","mod9","6","30","240"
"front3","mod9","7","24","240"
"front3","mod9","8","30","240"
"front3","parity","คู่–คู่–คี่","31","240"
"front3","parity","คี่–คู่–คี่","30","240"
"front3","parity","คู่–คู่–คู่","28","240"
"front3","parity","คี่–คู่–คู่","28","240"
"front3","parity","คู่–คี่–คู่","27","240"
"front3","parity","คู่–คี่–คี่","32","240"
"front3","parity","คี่–คี่–คี่","38","240"
"front3","parity","คี่–คี่–คู่","26","240"
"front3","highlow","ต่ำ–สูง–สูง","33","240"
"front3","highlow","ต่ำ–สูง–ต่ำ","22","240"
"front3","highlow","สูง–ต่ำ–ต่ำ","39","240"
"front3","highlow","สูง–สูง–ต่ำ","20","240"
"front3","highlow","ต่ำ–ต่ำ–สูง","33","240"
"front3","highlow","สูง–ต่ำ–สูง","33","240"
"front3","highlow","สูง–สูง–สูง","26","240"
"front3","highlow","ต่ำ–ต่ำ–ต่ำ","34","240"
"front3","even","0","38","240"
"front3","even","1","88","240"
"front3","even","2","86","240"
"front3","even","3","28","240"
"front3","high","0","34","240"
"front3","high","1","94","240"
"front3","high","2","86","240"
"front3","high","3","26","240"
"front3","zero","false","184","240"
"front3","zero","true","56","240"
"front3","permutation","111","1","240"
"front3","permutation","113","2","240"
"front3","permutation","114","1","240"
"front3","permutation","116","1","240"
"front3","permutation","117","1","240"
"front3","permutation","118","1","240"
"front3","permutation","122","2","240"
"front3","permutation","123","1","240"
"front3","permutation","124","3","240"
"front3","permutation","125","3","240"
"front3","permutation","126","1","240"
"front3","permutation","127","1","240"
"front3","permutation","128","2","240"
"front3","permutation","129","2","240"
"front3","permutation","133","1","240"
"front3","permutation","134","5","240"
"front3","permutation","135","1","240"
"front3","permutation","136","2","240"
"front3","permutation","137","3","240"
"front3","permutation","138","1","240"
"front3","permutation","139","4","240"
"front3","permutation","145","1","240"
"front3","permutation","147","2","240"
"front3","permutation","148","1","240"
"front3","permutation","149","2","240"
"front3","permutation","156","1","240"
"front3","permutation","157","1","240"
"front3","permutation","158","3","240"
"front3","permutation","159","5","240"
"front3","permutation","167","2","240"
"front3","permutation","168","1","240"
"front3","permutation","169","2","240"
"front3","permutation","178","1","240"
"front3","permutation","179","3","240"
"front3","permutation","199","1","240"
"front3","permutation","224","2","240"
"front3","permutation","225","2","240"
"front3","permutation","227","2","240"
"front3","permutation","234","2","240"
"front3","permutation","235","2","240"
"front3","permutation","236","1","240"
"front3","permutation","238","1","240"
"front3","permutation","239","1","240"
"front3","permutation","245","1","240"
"front3","permutation","247","4","240"
"front3","permutation","248","1","240"
"front3","permutation","249","3","240"
"front3","permutation","255","1","240"
"front3","permutation","256","1","240"
"front3","permutation","257","3","240"
"front3","permutation","258","3","240"
"front3","permutation","266","2","240"
"front3","permutation","267","2","240"
"front3","permutation","268","3","240"
"front3","permutation","269","1","240"
"front3","permutation","277","1","240"
"front3","permutation","278","1","240"
"front3","permutation","279","2","240"
"front3","permutation","289","3","240"
"front3","permutation","299","1","240"
"front3","permutation","334","1","240"
"front3","permutation","335","1","240"
"front3","permutation","344","2","240"
"front3","permutation","346","3","240"
"front3","permutation","347","1","240"
"front3","permutation","348","4","240"
"front3","permutation","349","3","240"
"front3","permutation","355","2","240"
"front3","permutation","356","1","240"
"front3","permutation","367","2","240"
"front3","permutation","368","1","240"
"front3","permutation","378","1","240"
"front3","permutation","379","3","240"
"front3","permutation","389","7","240"
"front3","permutation","445","1","240"
"front3","permutation","446","2","240"
"front3","permutation","449","1","240"
"front3","permutation","458","1","240"
"front3","permutation","459","1","240"
"front3","permutation","466","1","240"
"front3","permutation","468","3","240"
"front3","permutation","469","2","240"
"front3","permutation","477","1","240"
"front3","permutation","479","1","240"
"front3","permutation","488","1","240"
"front3","permutation","556","1","240"
"front3","permutation","559","3","240"
"front3","permutation","569","1","240"
"front3","permutation","577","1","240"
"front3","permutation","578","1","240"
"front3","permutation","579","3","240"
"front3","permutation","588","1","240"
"front3","permutation","589","2","240"
"front3","permutation","599","1","240"
"front3","permutation","678","5","240"
"front3","permutation","679","1","240"
"front3","permutation","699","3","240"
"front3","permutation","778","1","240"
"front3","permutation","789","1","240"
"front3","permutation","799","1","240"
"front3","permutation","026","4","240"
"front3","permutation","047","2","240"
"front3","permutation","079","2","240"
"front3","permutation","016","2","240"
"front3","permutation","058","2","240"
"front3","permutation","003","1","240"
"front3","permutation","045","2","240"
"front3","permutation","037","2","240"
"front3","permutation","017","2","240"
"front3","permutation","007","1","240"
"front3","permutation","024","1","240"
"front3","permutation","008","1","240"
"front3","permutation","067","2","240"
"front3","permutation","005","1","240"
"front3","permutation","078","1","240"
"front3","permutation","000","1","240"
"front3","permutation","055","1","240"
"front3","permutation","014","2","240"
"front3","permutation","006","2","240"
"front3","permutation","056","2","240"
"front3","permutation","033","1","240"
"front3","permutation","009","1","240"
"front3","permutation","059","1","240"
"front3","permutation","089","2","240"
"front3","permutation","011","1","240"
"front3","permutation","048","1","240"
"front3","permutation","022","1","240"
"front3","permutation","023","1","240"
"front3","permutation","049","1","240"
"front3","permutation","035","2","240"
"front3","permutation","036","1","240"
"front3","permutation","029","1","240"
"front3","permutation","019","2","240"
"front3","permutation","068","1","240"
"front3","permutation","012","1","240"
"front3","permutation","015","1","240"
"front3","permutation","046","1","240"
"front3","permutation","018","1","240"
"front3","permutation","001","1","240"
"front3","distinct","1","2","240"
"front3","distinct","2","58","240"
"front3","distinct","3","180","240"
"front3","double","false","240","240"
"front3","triple","false","238","240"
"front3","triple","true","2","240"
"front3","sandwich","false","223","240"
"front3","sandwich","true","17","240"
"front3","twoSame","false","182","240"
"front3","twoSame","true","58","240"
"front3","allDifferent","true","180","240"
"front3","allDifferent","false","60","240"
"front3","ascending","false","236","240"
"front3","ascending","true","4","240"
"front3","descending","false","240","240"
"front3","adjacent","false","136","240"
"front3","adjacent","true","104","240"
"last3","sum","1","1","240"
"last3","sum","2","3","240"
"last3","sum","3","2","240"
"last3","sum","4","2","240"
"last3","sum","5","6","240"
"last3","sum","6","2","240"
"last3","sum","7","11","240"
"last3","sum","8","5","240"
"last3","sum","9","9","240"
"last3","sum","10","18","240"
"last3","sum","11","18","240"
"last3","sum","12","16","240"
"last3","sum","13","17","240"
"last3","sum","14","18","240"
"last3","sum","15","15","240"
"last3","sum","16","22","240"
"last3","sum","17","25","240"
"last3","sum","18","14","240"
"last3","sum","19","10","240"
"last3","sum","20","10","240"
"last3","sum","21","3","240"
"last3","sum","22","4","240"
"last3","sum","23","4","240"
"last3","sum","24","1","240"
"last3","sum","25","2","240"
"last3","sum","26","2","240"
"last3","root","1","29","240"
"last3","root","2","31","240"
"last3","root","3","21","240"
"last3","root","4","23","240"
"last3","root","5","28","240"
"last3","root","6","18","240"
"last3","root","7","35","240"
"last3","root","8","32","240"
"last3","root","9","23","240"
"last3","difference","0","20","240"
"last3","difference","1","43","240"
"last3","difference","2","41","240"
"last3","difference","3","31","240"
"last3","difference","4","34","240"
"last3","difference","5","21","240"
"last3","difference","6","21","240"
"last3","difference","7","14","240"
"last3","difference","8","10","240"
"last3","difference","9","5","240"
"last3","range","0","2","240"
"last3","range","1","14","240"
"last3","range","2","23","240"
"last3","range","3","32","240"
"last3","range","4","39","240"
"last3","range","5","24","240"
"last3","range","6","37","240"
"last3","range","7","26","240"
"last3","range","8","27","240"
"last3","range","9","16","240"
"last3","product","0","64","240"
"last3","product","1","1","240"
"last3","product","6","2","240"
"last3","product","8","3","240"
"last3","product","9","2","240"
"last3","product","10","1","240"
"last3","product","12","2","240"
"last3","product","14","1","240"
"last3","product","15","2","240"
"last3","product","18","4","240"
"last3","product","20","3","240"
"last3","product","21","3","240"
"last3","product","24","3","240"
"last3","product","25","1","240"
"last3","product","28","1","240"
"last3","product","30","3","240"
"last3","product","32","3","240"
"last3","product","35","1","240"
"last3","product","36","6","240"
"last3","product","40","4","240"
"last3","product","42","2","240"
"last3","product","45","1","240"
"last3","product","48","6","240"
"last3","product","54","8","240"
"last3","product","56","4","240"
"last3","product","60","2","240"
"last3","product","63","1","240"
"last3","product","64","3","240"
"last3","product","72","7","240"
"last3","product","75","1","240"
"last3","product","80","2","240"
"last3","product","81","2","240"
"last3","product","84","1","240"
"last3","product","90","4","240"
"last3","product","96","1","240"
"last3","product","105","1","240"
"last3","product","108","5","240"
"last3","product","112","5","240"
"last3","product","120","3","240"
"last3","product","126","4","240"
"last3","product","128","4","240"
"last3","product","135","1","240"
"last3","product","140","3","240"
"last3","product","144","4","240"
"last3","product","147","2","240"
"last3","product","160","3","240"
"last3","product","162","3","240"
"last3","product","168","5","240"
"last3","product","175","1","240"
"last3","product","180","3","240"
"last3","product","189","3","240"
"last3","product","192","1","240"
"last3","product","196","1","240"
"last3","product","200","1","240"
"last3","product","210","1","240"
"last3","product","216","4","240"
"last3","product","224","2","240"
"last3","product","225","1","240"
"last3","product","240","1","240"
"last3","product","252","3","240"
"last3","product","270","1","240"
"last3","product","280","3","240"
"last3","product","288","2","240"
"last3","product","336","1","240"
"last3","product","378","1","240"
"last3","product","384","1","240"
"last3","product","392","2","240"
"last3","product","405","1","240"
"last3","product","432","1","240"
"last3","product","441","1","240"
"last3","product","448","1","240"
"last3","product","504","1","240"
"last3","product","567","1","240"
"last3","product","576","1","240"
"last3","product","648","2","240"
"last3","mod3","0","62","240"
"last3","mod3","1","87","240"
"last3","mod3","2","91","240"
"last3","mod9","0","23","240"
"last3","mod9","1","29","240"
"last3","mod9","2","31","240"
"last3","mod9","3","21","240"
"last3","mod9","4","23","240"
"last3","mod9","5","28","240"
"last3","mod9","6","18","240"
"last3","mod9","7","35","240"
"last3","mod9","8","32","240"
"last3","parity","คี่–คี่–คี่","27","240"
"last3","parity","คู่–คู่–คี่","31","240"
"last3","parity","คู่–คี่–คี่","31","240"
"last3","parity","คี่–คี่–คู่","23","240"
"last3","parity","คู่–คู่–คู่","34","240"
"last3","parity","คู่–คี่–คู่","36","240"
"last3","parity","คี่–คู่–คู่","29","240"
"last3","parity","คี่–คู่–คี่","29","240"
"last3","highlow","ต่ำ–สูง–สูง","37","240"
"last3","highlow","ต่ำ–ต่ำ–สูง","36","240"
"last3","highlow","สูง–สูง–สูง","26","240"
"last3","highlow","ต่ำ–ต่ำ–ต่ำ","28","240"
"last3","highlow","สูง–ต่ำ–ต่ำ","26","240"
"last3","highlow","สูง–ต่ำ–สูง","26","240"
"last3","highlow","สูง–สูง–ต่ำ","34","240"
"last3","highlow","ต่ำ–สูง–ต่ำ","27","240"
"last3","even","0","27","240"
"last3","even","1","83","240"
"last3","even","2","96","240"
"last3","even","3","34","240"
"last3","high","0","28","240"
"last3","high","1","89","240"
"last3","high","2","97","240"
"last3","high","3","26","240"
"last3","zero","false","176","240"
"last3","zero","true","64","240"
"last3","permutation","111","1","240"
"last3","permutation","119","1","240"
"last3","permutation","123","2","240"
"last3","permutation","124","3","240"
"last3","permutation","125","1","240"
"last3","permutation","126","1","240"
"last3","permutation","127","1","240"
"last3","permutation","129","1","240"
"last3","permutation","133","1","240"
"last3","permutation","134","1","240"
"last3","permutation","135","2","240"
"last3","permutation","136","3","240"
"last3","permutation","137","3","240"
"last3","permutation","145","2","240"
"last3","permutation","149","3","240"
"last3","permutation","155","1","240"
"last3","permutation","156","1","240"
"last3","permutation","157","1","240"
"last3","permutation","158","1","240"
"last3","permutation","159","1","240"
"last3","permutation","167","2","240"
"last3","permutation","168","2","240"
"last3","permutation","169","4","240"
"last3","permutation","178","2","240"
"last3","permutation","179","1","240"
"last3","permutation","188","1","240"
"last3","permutation","189","2","240"
"last3","permutation","199","1","240"
"last3","permutation","225","1","240"
"last3","permutation","226","1","240"
"last3","permutation","227","1","240"
"last3","permutation","228","2","240"
"last3","permutation","229","1","240"
"last3","permutation","234","2","240"
"last3","permutation","235","2","240"
"last3","permutation","236","1","240"
"last3","permutation","238","1","240"
"last3","permutation","239","2","240"
"last3","permutation","244","1","240"
"last3","permutation","245","3","240"
"last3","permutation","246","2","240"
"last3","permutation","247","2","240"
"last3","permutation","248","2","240"
"last3","permutation","256","2","240"
"last3","permutation","259","3","240"
"last3","permutation","266","3","240"
"last3","permutation","269","2","240"
"last3","permutation","278","2","240"
"last3","permutation","279","2","240"
"last3","permutation","288","2","240"
"last3","permutation","299","1","240"
"last3","permutation","334","1","240"
"last3","permutation","336","2","240"
"last3","permutation","338","1","240"
"last3","permutation","339","1","240"
"last3","permutation","344","1","240"
"last3","permutation","346","1","240"
"last3","permutation","347","1","240"
"last3","permutation","348","1","240"
"last3","permutation","349","3","240"
"last3","permutation","355","1","240"
"last3","permutation","356","1","240"
"last3","permutation","357","1","240"
"last3","permutation","359","1","240"
"last3","permutation","367","2","240"
"last3","permutation","368","1","240"
"last3","permutation","369","2","240"
"last3","permutation","377","2","240"
"last3","permutation","378","1","240"
"last3","permutation","379","3","240"
"last3","permutation","388","1","240"
"last3","permutation","389","2","240"
"last3","permutation","445","2","240"
"last3","permutation","447","3","240"
"last3","permutation","448","2","240"
"last3","permutation","449","2","240"
"last3","permutation","456","3","240"
"last3","permutation","457","3","240"
"last3","permutation","458","3","240"
"last3","permutation","459","1","240"
"last3","permutation","466","1","240"
"last3","permutation","467","4","240"
"last3","permutation","469","1","240"
"last3","permutation","477","1","240"
"last3","permutation","478","2","240"
"last3","permutation","479","3","240"
"last3","permutation","489","2","240"
"last3","permutation","557","1","240"
"last3","permutation","558","1","240"
"last3","permutation","559","1","240"
"last3","permutation","566","2","240"
"last3","permutation","567","1","240"
"last3","permutation","568","1","240"
"last3","permutation","569","1","240"
"last3","permutation","578","3","240"
"last3","permutation","599","1","240"
"last3","permutation","666","1","240"
"last3","permutation","678","1","240"
"last3","permutation","679","1","240"
"last3","permutation","688","1","240"
"last3","permutation","689","1","240"
"last3","permutation","778","2","240"
"last3","permutation","779","1","240"
"last3","permutation","788","1","240"
"last3","permutation","789","1","240"
"last3","permutation","799","1","240"
"last3","permutation","889","1","240"
"last3","permutation","899","2","240"
"last3","permutation","014","6","240"
"last3","permutation","059","1","240"
"last3","permutation","078","2","240"
"last3","permutation","058","2","240"
"last3","permutation","045","1","240"
"last3","permutation","016","2","240"
"last3","permutation","002","2","240"
"last3","permutation","012","1","240"
"last3","permutation","046","1","240"
"last3","permutation","066","2","240"
"last3","permutation","049","3","240"
"last3","permutation","025","1","240"
"last3","permutation","011","1","240"
"last3","permutation","029","3","240"
"last3","permutation","022","2","240"
"last3","permutation","057","1","240"
"last3","permutation","079","2","240"
"last3","permutation","019","1","240"
"last3","permutation","028","2","240"
"last3","permutation","037","3","240"
"last3","permutation","007","3","240"
"last3","permutation","008","1","240"
"last3","permutation","048","3","240"
"last3","permutation","036","1","240"
"last3","permutation","089","3","240"
"last3","permutation","001","1","240"
"last3","permutation","039","2","240"
"last3","permutation","018","1","240"
"last3","permutation","067","1","240"
"last3","permutation","044","1","240"
"last3","permutation","038","1","240"
"last3","permutation","056","2","240"
"last3","permutation","069","1","240"
"last3","permutation","068","1","240"
"last3","permutation","026","1","240"
"last3","permutation","034","1","240"
"last3","permutation","047","1","240"
"last3","distinct","1","2","240"
"last3","distinct","2","67","240"
"last3","distinct","3","171","240"
"last3","double","false","240","240"
"last3","triple","false","238","240"
"last3","triple","true","2","240"
"last3","sandwich","false","222","240"
"last3","sandwich","true","18","240"
"last3","twoSame","false","173","240"
"last3","twoSame","true","67","240"
"last3","allDifferent","true","171","240"
"last3","allDifferent","false","69","240"
"last3","ascending","false","238","240"
"last3","ascending","true","2","240"
"last3","descending","false","235","240"
"last3","descending","true","5","240"
"last3","adjacent","false","131","240"
"last3","adjacent","true","109","240"