"target","position","digit","count","observations"
"last2","0","0","11","96"
"last2","0","1","6","96"
"last2","0","2","7","96"
"last2","0","3","9","96"
"last2","0","4","10","96"
"last2","0","5","12","96"
"last2","0","6","15","96"
"last2","0","7","10","96"
"last2","0","8","7","96"
"last2","0","9","9","96"
"last2","1","0","11","96"
"last2","1","1","14","96"
"last2","1","2","9","96"
"last2","1","3","7","96"
"last2","1","4","9","96"
"last2","1","5","6","96"
"last2","1","6","10","96"
"last2","1","7","11","96"
"last2","1","8","9","96"
"last2","1","9","10","96"
"top2","0","0","18","96"
"top2","0","1","11","96"
"top2","0","2","5","96"
"top2","0","3","2","96"
"top2","0","4","9","96"
"top2","0","5","7","96"
"top2","0","6","11","96"
"top2","0","7","12","96"
"top2","0","8","7","96"
"top2","0","9","14","96"
"top2","1","0","6","96"
"top2","1","1","6","96"
"top2","1","2","15","96"
"top2","1","3","11","96"
"top2","1","4","8","96"
"top2","1","5","9","96"
"top2","1","6","15","96"
"top2","1","7","10","96"
"top2","1","8","5","96"
"top2","1","9","11","96"
"top3","0","0","8","96"
"top3","0","1","6","96"
"top3","0","2","9","96"
"top3","0","3","10","96"
"top3","0","4","7","96"
"top3","0","5","10","96"
"top3","0","6","16","96"
"top3","0","7","8","96"
"top3","0","8","13","96"
"top3","0","9","9","96"
"top3","1","0","18","96"
"top3","1","1","11","96"
"top3","1","2","5","96"
"top3","1","3","2","96"
"top3","1","4","9","96"
"top3","1","5","7","96"
"top3","1","6","11","96"
"top3","1","7","12","96"
"top3","1","8","7","96"
"top3","1","9","14","96"
"top3","2","0","6","96"
"top3","2","1","6","96"
"top3","2","2","15","96"
"top3","2","3","11","96"
"top3","2","4","8","96"
"top3","2","5","9","96"
"top3","2","6","15","96"
"top3","2","7","10","96"
"top3","2","8","5","96"
"top3","2","9","11","96"
"first3OfFirst","0","0","7","96"
"first3OfFirst","0","1","11","96"
"first3OfFirst","0","2","11","96"
"first3OfFirst","0","3","7","96"
"first3OfFirst","0","4","10","96"
"first3OfFirst","0","5","10","96"
"first3OfFirst","0","6","7","96"
"first3OfFirst","0","7","8","96"
"first3OfFirst","0","8","13","96"
"first3OfFirst","0","9","12","96"
"first3OfFirst","1","0","13","96"
"first3OfFirst","1","1","11","96"
"first3OfFirst","1","2","8","96"
"first3OfFirst","1","3","12","96"
"first3OfFirst","1","4","10","96"
"first3OfFirst","1","5","12","96"
"first3OfFirst","1","6","8","96"
"first3OfFirst","1","7","7","96"
"first3OfFirst","1","8","7","96"
"first3OfFirst","1","9","8","96"
"first3OfFirst","2","0","8","96"
"first3OfFirst","2","1","9","96"
"first3OfFirst","2","2","7","96"
"first3OfFirst","2","3","11","96"
"first3OfFirst","2","4","8","96"
"first3OfFirst","2","5","11","96"
"first3OfFirst","2","6","6","96"
"first3OfFirst","2","7","20","96"
"first3OfFirst","2","8","7","96"
"first3OfFirst","2","9","9","96"
"front3","0","0","18","192"
"front3","0","1","23","192"
"front3","0","2","21","192"
"front3","0","3","18","192"
"front3","0","4","21","192"
"front3","0","5","21","192"
"front3","0","6","21","192"
"front3","0","7","18","192"
"front3","0","8","11","192"
"front3","0","9","20","192"
"front3","1","0","19","192"
"front3","1","1","28","192"
"front3","1","2","23","192"
"front3","1","3","26","192"
"front3","1","4","20","192"
"front3","1","5","15","192"
"front3","1","6","15","192"
"front3","1","7","15","192"
"front3","1","8","15","192"
"front3","1","9","16","192"
"front3","2","0","21","192"
"front3","2","1","25","192"
"front3","2","2","19","192"
"front3","2","3","15","192"
"front3","2","4","16","192"
"front3","2","5","21","192"
"front3","2","6","15","192"
"front3","2","7","16","192"
"front3","2","8","18","192"
"front3","2","9","26","192"
"last3","0","0","25","192"
"last3","0","1","15","192"
"last3","0","2","18","192"
"last3","0","3","20","192"
"last3","0","4","23","192"
"last3","0","5","15","192"
"last3","0","6","23","192"
"last3","0","7","22","192"
"last3","0","8","13","192"
"last3","0","9","18","192"
"last3","1","0","19","192"
"last3","1","1","10","192"
"last3","1","2","16","192"
"last3","1","3","22","192"
"last3","1","4","20","192"
"last3","1","5","18","192"
"last3","1","6","22","192"
"last3","1","7","18","192"
"last3","1","8","21","192"
"last3","1","9","26","192"
"last3","2","0","15","192"
"last3","2","1","24","192"
"last3","2","2","15","192"
"last3","2","3","12","192"
"last3","2","4","27","192"
"last3","2","5","12","192"
"last3","2","6","19","192"
"last3","2","7","24","192"
"last3","2","8","22","192"
"last3","2","9","22","192"