"number","count","current","censored","completed","mean","median","sd","max","overdue","percentile"
"00","1","47","false","0","","","","","",""
"01","0","79","true","0","","","","","",""
"02","1","17","false","0","","","","","",""
"03","0","79","true","0","","","","","",""
"04","1","2","false","0","","","","","",""
"05","0","79","true","0","","","","","",""
"06","3","14","false","2","10","10","9.899494936611665","17","1.4","0.5"
"07","1","15","false","0","","","","","",""
"08","1","9","false","0","","","","","",""
"09","1","64","false","0","","","","","",""
"10","0","79","true","0","","","","","",""
"11","0","79","true","0","","","","","",""
"12","0","79","true","0","","","","","",""
"13","0","79","true","0","","","","","",""
"14","1","69","false","0","","","","","",""
"15","0","79","true","0","","","","","",""
"16","2","18","false","1","59","59","","59","0.3050847457627119","0"
"17","1","58","false","0","","","","","",""
"18","0","79","true","0","","","","","",""
"19","0","79","true","0","","","","","",""
"20","1","32","false","0","","","","","",""
"21","2","43","false","1","10","10","","10","4.3","1"
"22","1","20","false","0","","","","","",""
"23","1","41","false","0","","","","","",""
"24","0","79","true","0","","","","","",""
"25","0","79","true","0","","","","","",""
"26","1","29","false","0","","","","","",""
"27","0","79","true","0","","","","","",""
"28","1","51","false","0","","","","","",""
"29","0","79","true","0","","","","","",""
"30","1","78","false","0","","","","","",""
"31","2","26","false","1","29","29","","29","0.896551724137931","0"
"32","2","37","false","1","9","9","","9","4.111111111111111","1"
"33","0","79","true","0","","","","","",""
"34","0","79","true","0","","","","","",""
"35","0","79","true","0","","","","","",""
"36","1","36","false","0","","","","","",""
"37","2","21","false","1","28","28","","28","0.75","0"
"38","1","45","false","0","","","","","",""
"39","0","79","true","0","","","","","",""
"40","0","79","true","0","","","","","",""
"41","0","79","true","0","","","","","",""
"42","1","56","false","0","","","","","",""
"43","2","10","false","1","53","53","","53","0.18867924528301888","0"
"44","1","71","false","0","","","","","",""
"45","0","79","true","0","","","","","",""
"46","2","52","false","1","21","21","","21","2.4761904761904763","1"
"47","1","12","false","0","","","","","",""
"48","2","7","false","1","9","9","","9","0.7777777777777778","0"
"49","0","79","true","0","","","","","",""
"50","2","28","false","1","11","11","","11","2.5454545454545454","1"
"51","2","40","false","1","2","2","","2","20","1"
"52","1","19","false","0","","","","","",""
"53","1","3","false","0","","","","","",""
"54","1","38","false","0","","","","","",""
"55","0","79","true","0","","","","","",""
"56","0","79","true","0","","","","","",""
"57","0","79","true","0","","","","","",""
"58","1","25","false","0","","","","","",""
"59","1","48","false","0","","","","","",""
"60","1","57","false","0","","","","","",""
"61","3","23","false","2","21","21","0","21","1.0952380952380953","1"
"62","2","6","false","1","70","70","","70","0.08571428571428572","0"
"63","2","27","false","1","43","43","","43","0.627906976744186","0"
"64","2","1","false","1","12","12","","12","0.08333333333333333","0"
"65","0","79","true","0","","","","","",""
"66","1","72","false","0","","","","","",""
"67","1","75","false","0","","","","","",""
"68","0","79","true","0","","","","","",""
"69","1","4","false","0","","","","","",""
"70","1","0","false","0","","","","","",""
"71","1","5","false","0","","","","","",""
"72","0","79","true","0","","","","","",""
"73","0","79","true","0","","","","","",""
"74","0","79","true","0","","","","","",""
"75","0","79","true","0","","","","","",""
"76","0","79","true","0","","","","","",""
"77","2","11","false","1","13","13","","13","0.8461538461538461","0"
"78","1","61","false","0","","","","","",""
"79","2","59","false","1","3","3","","3","19.666666666666668","1"
"80","0","79","true","0","","","","","",""
"81","0","79","true","0","","","","","",""
"82","0","79","true","0","","","","","",""
"83","0","79","true","0","","","","","",""
"84","0","79","true","0","","","","","",""
"85","2","35","false","1","32","32","","32","1.09375","1"
"86","0","79","true","0","","","","","",""
"87","2","22","false","1","11","11","","11","2","1"
"88","0","79","true","0","","","","","",""
"89","2","54","false","1","12","12","","12","4.5","1"
"90","1","60","false","0","","","","","",""
"91","3","30","false","2","22","22","22.627416997969522","38","1.3636363636363635","0.5"
"92","0","79","true","0","","","","","",""
"93","0","79","true","0","","","","","",""
"94","1","50","false","0","","","","","",""
"95","1","8","false","0","","","","","",""
"96","0","79","true","0","","","","","",""
"97","0","79","true","0","","","","","",""
"98","0","79","true","0","","","","","",""
"99","0","79","true","0","","","","","",""